,umbreon_vmax_215,rayquaza_vmax_218,giratina_v_186,gengar_vmax_271,charizard_v_154,magikarp_203,greninja_ex_214,latias_latios_170,charizard_gx_sv49,lugia_v_186,blaziken_vmax_201,charizard_ex_199,pikachu_ex_238,galarian_moltres_v_177,charmander_4,latias_ex_239,aerodactyl_v_180,milotic_ex_237,bulbasaur_1,snorlax_224,celebi_v_245,zapdos_ex_202,venusaur_ex_198,blastoise_ex_200,zeraora_v_166,shadow_rider_calyrex_vmax_205,groudon_199,charizard_ex_223,galarian_articuno_v_170,ice_rider_calyrex_vmax_203,raging_bolt_ex_208,eevee_188,squirtle_148,perrin_220,tornadus_v_185,galarian_zapdos_v_174,arceus_v_166,galarian_rapidash_v_168,pikachu_ex_247,alakazam_ex_201,charmander_168,galarian_slowking_v_179,bulbasaur_143,pikachu_173,squirtle_170,tyranitar_222,umbreon_130,iron_crown_ex_206,charizard_vstar_174,carmine_217,walking_wake_ex_205,terapagos_ex_170,teal_mask_ogerpon_24,bulbasaur_166,hydreigon_ex_240,raging_bolt_111,mortys_conviction_211,gastly_177,leafeon_v_167,glaceon_v_174,glaceon_v_175,espeon_v_180,sylveon_v_184,umbreon_v_189,dragonite_v_192,rayquaza_v_194,noivern_v_196,leafeon_vmax_205,sylveon_vmax_212,glaceon_vmax_209,umbreon_vmax_214,rayquaza_vmax_217,origin_forme_palkia_v_167,machamp_v_172,origin_forme_dialga_v_177,gyarados_21,m_tyranitar_ex_43,m_sceptile_ex_85,m_ampharos_ex_88,tyranitar_ex_91,m_tyranitar_ex_92,giratina_ex_93,lugia_ex_94,primal_kyogre_ex_96,primal_groudon_ex_97,hex_maniac_75a,empoleon_v_146,tyranitar_v_155,rapid_strike_urshifu_vmax_170,charizard_gx_150,fairy_energy_169,mew_25,gyarados_gx_18,gyarados_gx_112,charizard_vmax_20,charizard_11,m_charizard_ex_13,gyarados_34,m_charizard_ex_101,m_blastoise_ex_102,dragonite_ex_106,m_charizard_ex_13_flashfire,m_charizard_ex_69,charizard_ex_100,m_charizard_ex_107,m_charizard_ex_108,m_kangaskhan_ex_109,jessie_james_68,bosss_orders_189,m_rayquaza_ex_61,m_rayquaza_ex_76,shaymin_ex_77a,m_latios_ex_102,rayquaza_ex_104,m_rayquaza_ex_105,winona_108,celebi_venusaur_gx_1,pikachu_zekrom_gx_33,gengar_mimikyu_gx_53,latias_latios_gx_113,magikarp_wailord_gx_161,pikachu_zekrom_gx_162,gengar_mimikyu_gx_164,gengar_mimikyu_gx_165,latias_latios_gx_169,eevee_snorlax_gx_171,brocks_grit_172,erikas_hospitality_174,ingo_emmet_176,jasmine_177,sabrinas_suggestion_181,celebi_venusaur_gx_182,magikarp_wailord_gx_183,pikachu_zekrom_gx_184,gengar_mimikyu_gx_186,latias_latios_gx_190,eevee_snorlax_gx_191,cynthia_148,lillie_151,lusamine_153,mars_154,leafeon_gx_157,solgaleo_gx_173,slowpoke_psyduck_gx_35,mewtwo_mew_gx_71,umbreon_darkrai_gx_125,rowlet_alolan_exeggutor_gx_215,slowpoke_psyduck_gx_217,slowpoke_psyduck_gx_218,raichu_alolan_raichu_gx_221,mewtwo_mew_gx_222,mega_sableye_tyranitar_gx_226,garchomp_giratina_gx_228,mistys_favor_235,slowpoke_psyduck_gx_239,raichu_alolan_raichu_gx_241,mewtwo_mew_gx_242,mega_sableye_tyranitar_gx_245,garchomp_giratina_gx_247,dragonite_gx_248,op_awakening-of-the-new-era_monkeydluffy_alternate_art_manga,op_wings-of-the-captain_roronoa_zoro_alternate_art_manga_op0,op_romance-dawn_nami_manga_op01_016,op_awakening-of-the-new-era_trafalgar_law_alternate_art_mang,op_romance-dawn_shanks_manga_alternate_art_op01_120,op_paramount-war_portgasdace_manga_op02_013,op_romance-dawn_monkeydluffy_alt_art_op01_003,op_romance-dawn_boa_hancock_sp_op01_078,op_romance-dawn_yamato_top_64_op01_121,op_pillars-of-strength_sogeking_alternate_art_manga_op03_122,op_romance-dawn_monkeydluffy_alt_art_errata_op01_003,op_awakening-of-the-new-era_eustasscaptainkid_alternate_art_,op_awakening-of-the-new-era_monkeydluffy_wanted_op05_119,op_pillars-of-strength_shirahoshi_regional_prize_op03_116,op_paramount-war_koby_treasure_cup_op02_098,op_romance-dawn_nami_alternate_art_errata_op01_016,op_romance-dawn_roronoa_zoro_1st_anniversary_op01_025,op_awakening-of-the-new-era_zoro_juurou_sp_foil_op05_067,op_romance-dawn_trafalgar_law_alternate_art_errata_op01_002,op_romance-dawn_trafalgar_law_alternate_art_op01_002,op_romance-dawn_nami_special_alternate_art_op01_016,op_wings-of-the-captain_o_nami_sp_op06_101,op_paramount-war_marco_treasure_cup_op02_018,op_romance-dawn_nico_robin_1st_anniversary_op01_017,op_pillars-of-strength_haruta_pre_release_op03_009,op_awakening-of-the-new-era_monkeydluffy_psa_promo_op05_060,op_romance-dawn_nami_1st_anniversary_op01_016,op_pillars-of-strength_nami_alternate_art_op03_040,op_paramount-war_portgasdace_sp_op02_013,op_romance-dawn_tony_tonychopper_offline_regionals_finalist_,op_romance-dawn_roronoa_zoro_alternate_art_op01_025,op_romance-dawn_donquixote_doflamingo_alternate_art_op01_060,op_wings-of-the-captain_roronoa_zoro_pre_release_p_045,op_romance-dawn_trafalgar_law_sp_op01_047,op_romance-dawn_yamato_sp_op01_121,op_romance-dawn_sanji_1st_anniversary_op01_013,op_awakening-of-the-new-era_monkeydluffy_alternate_art_op05_,op_paramount-war_uta_sp_op02_120,op_pillars-of-strength_sanji_offline_regional_finalist_op03_,op_romance-dawn_monkeydluffy_alternate_art_op01_024,op_awakening-of-the-new-era_zoro_juurou_event_op05_067,op_paramount-war_sanji_alternate_art_op02_026,op_pillars-of-strength_buggy_sp_op03_008,op_paramount-war_edwardnewgate_sp_op02_004,op_romance-dawn_boa_hancock_alternate_art_op01_078,op_romance-dawn_roronoa_zoro_25th_anniversary_op01_001,op_wings-of-the-captain_roronoa_zoro_2nd_anniversary_op06_11,op_wings-of-the-captain_roronoa_zoro_alternate_art_op06_118,op_romance-dawn_crocodile_alternate_art_op01_062,op_awakening-of-the-new-era_rebecca_sp_op05_091,op_romance-dawn_kaido_alternate_art_errata_op01_061,op_romance-dawn_in_two_years_at_the_sabaody_archipelago_2nd_,op_romance-dawn_usopp_1st_anniversary_op01_004,op_romance-dawn_yamato_alternate_art_op01_121,op_romance-dawn_kaido_alternate_art_op01_061,op_paramount-war_monkeydgarp_alternate_art_op02_002,op_wings-of-the-captain_o_nami_event_op06_101,op_awakening-of-the-new-era_enel_sp_op05_100,op_romance-dawn_nami_gift_collection_op01_016,op_paramount-war_edwardnewgate_alternate_art_op02_001,op_pillars-of-strength_charlotte_pudding_sp_foil_op03_112,op_pillars-of-strength_charlotte_katakuri_alternate_art_op03,op_romance-dawn_nami_25th_anniversary_alternate_art_op01_016,op_paramount-war_smoker_alternate_art_op02_093,op_romance-dawn_shanks_alternate_art_op01_120,op_awakening-of-the-new-era_booster_pack,op_pillars-of-strength_charlotte_linlin_sp_op03_114,op_pillars-of-strength_portgasdace_alternate_art_op03_001,op_romance-dawn_donquixote_doflamingo_sp_op01_073,op_romance-dawn_kouzuki_oden_alternate_art_op01_031,op_awakening-of-the-new-era_monkeydluffy_2nd_anniversary_op0,op_romance-dawn_eustasscaptainkid_wanted_op01_051,op_paramount-war_nami_alternate_art_op02_036,op_romance-dawn_king_alternate_art_op01_091,op_paramount-war_sakazuki_sp_op02_099,op_pillars-of-strength_monkeydluffy_judge_op03_070,op_wings-of-the-captain_yamato_alternate_art_op06_022,op_romance-dawn_booster_pack,op_romance-dawn_nami_alternate_art_op01_016,op_paramount-war_monkeydluffy_alternate_art_op02_062,op_romance-dawn_trafalgar_law_alternate_art_op01_047,op_paramount-war_boa_hancock_judge_op02_059,op_awakening-of-the-new-era_eustasscaptainkid_sp_op05_074,op_paramount-war_boa_hancock_pre_release_op02_059,op_pillars-of-strength_rob_lucci_sp_op03_092,op_awakening-of-the-new-era_rob_lucci_illustration_box_ex_op,op_romance-dawn_dracule_mihawk_errata_op01_070,op_wings-of-the-captain_perona_alternate_art_op06_021,op_paramount-war_portgasdace_alternate_art_op02_013,op_romance-dawn_eustasscaptainkid_alternate_art_errata_op01_,op_romance-dawn_dracule_mihawk_alternate_art_errata_op01_070,op_romance-dawn_dracule_mihawk_alternate_art_op01_070,op_romance-dawn_trafalgar_law_alternate_art_errata_op01_047,op_paramount-war_boa_hancock_gift_collection_op02_059,op_paramount-war_nico_robin_pre_release_op02_037,op_paramount-war_magellan_sp_op02_085,op_awakening-of-the-new-era_borsalino_sp_op05_051
2021-01-01,,,,,,,,,,,,,,,,,,,,,,,,,,,,,,,,,,,,,,,,,,,,,,,,,,,,,,,,,,,,,,,,,,,,,,,,,,,,,,,,,,,,,,,,,,,,,,,152.64,,70.75,,99.01,88.36,92.2,,171.2,,,,,,,,,,,,75.91,,,,,,,,,,,,,,,,,,,,,,,,334.16,,,,,,,,,,,,,,,,,,,,,,,,,,,,,,,,,,,,,,,,,,,,,,,,,,,,,,,,,,,,,,,,,,,,,,,,,,,,,,,,,,,,,,,,,,,,,,,,,,,,,,,,,,,,,,,,,,,,,,
2021-02-01,,,,,,,,,507.88,,,,,,,,,,,,,,,,,,,,,,,,,,,,,,,,,,,,,,,,,,,,,,,,,,,,,,,,,,,,,,,,,,,,,,,100.25,54.27,84.29,,92.51,123.35,,,,,600.0,96.05,,,152.12,106.79,257.46,81.0,50.71,105.26,58.48,58.8,,145.76,194.42,111.02,185.85,44.82,,,,,,30.43,,75.66,,4.52,34.54,,,82.23,78.12,,123.34,,,37.83,91.62,,,,,,,,,,,392.67,,82.23,78.04,54.27,,41.12,,,,74.01,84.29,,,,,,80.18,193.46,,,,,,,,,,,,,,,,,,,,,,,,,,,,,,,,,,,,,,,,,,,,,,,,,,,,,,,,,,,,,,,,,,,,,,,,,,,,,,,,,,,,,,,,,,,,,,,,,,,,
2021-03-01,,,,,,,,,563.91,,,,,,,,,,,,,,,,,,,,,,,,,,,,,,,,,,,,,,,,,,,,,,,,,,,,,,,,,,,,,,,,,,,,,,,103.72,56.3,87.43,,69.73,127.95,,,,,606.27,101.63,,,157.79,119.84,246.85,80.24,55.19,104.8,75.92,65.23,83.59,222.36,252.48,91.7,238.29,37.68,85.3,,93.83,,,41.8,106.61,78.47,51.17,4.69,35.83,,,85.3,69.16,,127.94,,,39.24,95.03,,,126.46,76.77,,,100.23,,,,499.96,75.92,62.91,80.95,56.3,25.09,51.16,,,,51.8,87.43,,,,,,83.17,226.04,,,127.95,,,,,,,,,,,,,,,,,,,,,,,,,,,,,,,,,,,,,,,,,,,,,,,,,,,,,,,,,,,,,,,,,,,,,,,,,,,,,,,,,,,,,,,,,,,,,,,,,
2021-04-01,,,,,,,,,472.08,,,,,,,,,,,,,,,,,,,,,,,,,,,,,,,,,,,,,,,,,,,,,,,,,,,,,,,,,,,,,,,,,,,82.45,51.09,,,92.11,54.42,84.52,,101.43,164.92,,,199.35,,593.8,97.68,,,125.75,124.51,211.1,71.74,50.71,105.0,68.44,63.06,80.81,191.21,244.08,88.64,214.4,38.18,58.13,,61.54,,,41.65,145.48,87.42,63.91,4.54,34.63,,,82.46,68.64,,123.68,,,37.93,91.87,,,122.26,74.21,,,96.89,,,,422.61,73.39,66.05,72.92,54.42,24.28,49.46,,,,55.12,84.52,52.77,,,,,80.4,190.65,,,123.69,,,,,,,,,,,,,,,,,,,,,,,,,,,,,,,,,,,,,,,,,,,,,,,,,,,,,,,,,,,,,,,,,,,,,,,,,,,,,,,,,,,,,,,,,,,,,,,,,
2021-05-01,,,,,,,,,431.05,,,,,,,,,,,,,,,,,,,,,,,,,,,,,,,,,,,,,,,,,,,,,,,,,,,,,,,,,,,,,,,,,,,82.03,50.83,,,91.26,54.14,84.08,,100.9,205.08,,,198.32,525.02,458.22,69.73,,,125.1,115.26,161.01,68.02,55.54,109.09,73.83,61.94,82.03,215.34,232.77,88.19,215.75,37.98,42.66,65.62,48.49,,,41.33,139.15,86.96,63.58,4.51,38.56,,,82.03,68.28,84.08,123.04,,,37.74,91.39,,,121.62,73.83,,,109.72,,,,467.38,73.01,60.92,77.85,54.14,22.99,41.02,,,,55.29,68.9,52.5,,,,,79.98,203.58,,,123.05,,,,,,,,,,,,,,,,,,,,,,,,,,,,,,,,,,,,,,,,,,,,,,,,,,,,,,,,,,,,,,,,,,,,,,,,,,,,,,,,,,,,,,,,,,,,,,,,,
2021-06-01,,,,,,,,,415.9,,,,,,,,,,,,,,,,,,,,,,,,,,,,,,,,,,,,,,,,,,,,,,,,,,,,,,,,,,,,,,,,,,,84.01,52.06,,,94.03,55.45,86.12,,99.71,189.05,,,182.74,537.73,528.05,71.42,,,126.03,119.31,150.17,65.12,44.53,85.28,64.62,63.93,84.02,207.5,220.72,90.32,227.69,39.42,47.05,67.21,49.66,,,50.41,142.52,89.07,65.12,4.62,40.33,,,84.02,80.03,86.12,46.31,,,38.65,93.61,,,212.76,75.62,,,112.38,,,,461.69,74.78,63.86,79.74,55.45,23.53,39.49,,,47.89,58.43,70.28,64.7,,,,,81.92,208.51,,,126.03,,,,,,,,,,,,,,,,,,,,,,,,,,,,,,,,,,,,,,,,,,,,,,,,,,,,,,,,,,,,,,,,,,,,,,,,,,,,,,,,,,,,,,,,,,,,,,,,,
2021-07-01,,,,,,,,,348.94,,294.29,,,,,,,,,94.59,,,,,,,,,,,,,,,,,,,,,,,,,,,,,,,,,,,,,,,,,,,,,,,,,,,,,,,,84.07,52.1,,,94.59,72.31,86.19,210.2,101.61,168.16,,,217.56,374.41,491.89,56.76,,,99.22,98.23,137.97,63.06,36.32,85.13,59.33,56.89,84.08,210.14,220.25,96.2,239.64,36.16,42.03,67.26,64.74,,,50.45,105.1,96.91,65.16,4.62,36.05,,,84.08,79.88,86.19,46.25,,,38.68,77.36,,56.34,212.92,75.67,61.38,,112.46,,,,425.55,74.83,62.22,79.79,55.49,23.54,38.89,,,47.93,59.67,85.02,64.74,,,,,81.98,148.09,59.71,42.88,126.12,,,,,,,,,,,,,,,,,,,,,,,,,,,,,,,,,,,,,,,,,,,,,,,,,,,,,,,,,,,,,,,,,,,,,,,,,,,,,,,,,,,,,,,,,,,,,,,,,
2021-08-01,,,,,,,,,356.39,,281.85,,,,,,,,,95.36,,,,,,,,,,,,,,,,,,,,,,,,,,,,,,,,,,,,,,,,,,,,,,,,,,,,,,,,143.94,52.52,,,95.36,72.9,86.89,192.31,103.2,169.53,,,254.3,377.46,443.76,76.29,,33.06,84.98,105.5,148.49,44.04,310.25,75.44,57.05,45.35,84.77,168.26,254.3,91.13,229.72,36.09,39.16,36.04,65.27,,,50.86,139.87,101.68,77.65,4.66,36.7,53.46,,84.77,80.53,86.89,46.62,,,46.61,77.99,,56.79,214.65,76.29,61.88,,96.38,,,,340.17,75.44,62.73,79.66,44.08,23.74,38.59,,,48.32,49.93,68.66,54.25,,,,,82.65,165.72,60.19,43.23,127.15,,,,,,,,,,,,,,,,,,,,,,,,,,,,,,,,,,,,,,,,,,,,,,,,,,,,,,,,,,,,,,,,,,,,,,,,,,,,,,,,,,,,,,,,,,,,,,,,,
2021-09-01,262.89,538.72,,,,,,,355.17,,271.51,,,131.27,,,,,,176.7,,,,,66.05,99.14,,,65.17,63.53,,,,,39.25,74.45,,47.21,,,,40.35,,,,,,,,,,,,,,,,,66.65,24.41,70.4,75.13,71.8,101.15,118.11,262.89,57.54,103.74,134.9,113.88,48.08,75.39,,,,118.52,53.41,67.05,27.86,96.7,74.13,56.03,180.6,105.16,185.32,,39.49,258.59,334.01,461.13,81.34,,33.62,86.41,102.14,146.61,43.1,315.47,69.39,45.5,47.41,84.47,151.27,207.95,68.53,232.94,37.02,35.34,35.72,52.59,57.75,,51.72,142.22,103.45,81.7,5.12,35.34,54.07,,86.2,81.83,88.35,73.27,,35.46,47.4,71.05,28.44,57.75,214.26,105.59,62.92,128.43,101.28,,107.39,147.63,372.89,83.58,63.78,80.59,43.96,24.13,39.62,17.22,25.63,64.65,59.47,69.82,61.2,61.2,36.64,254.28,49.66,84.04,156.3,61.21,43.96,129.29,,,,,,,,,,,,,,,,,,,,,,,,,,,,,,,,,,,,,,,,,,,,,,,,,,,,,,,,,,,,,,,,,,,,,,,,,,,,,,,,,,,,,,,,,,,,,,,,,
2021-10-01,240.35,303.69,,,,,,,321.57,,269.61,,,130.35,,,,,,175.46,,,,,70.97,95.24,,,54.86,54.45,,,,,35.23,90.3,,46.06,,,,35.29,,,,,,,,,,,,,,,,,64.75,26.61,69.41,72.34,70.07,105.87,90.3,261.05,47.04,103.45,136.2,110.64,49.67,68.85,,,,104.32,53.03,66.58,36.8,95.29,73.61,68.47,143.15,85.59,107.2,,34.35,221.46,331.66,360.76,76.77,199.85,33.38,70.18,99.93,126.68,37.34,313.26,65.05,40.81,47.07,76.38,166.85,240.74,93.08,231.95,44.51,26.96,31.33,52.21,49.64,,52.42,136.92,73.61,85.59,5.14,30.81,52.21,,85.58,81.31,87.73,72.75,,37.45,47.07,62.35,28.24,56.49,209.25,104.85,62.48,77.89,101.75,,102.71,121.97,329.52,83.58,65.9,80.43,84.73,23.97,37.73,17.1,26.88,64.19,59.06,69.33,64.12,60.77,33.38,206.36,47.07,83.45,166.04,51.76,43.65,128.39,,,,,,,,,,,,,,,,,,,,,,,,,,,,,,,,,,,,,,,,,,,,,,,,,,,,,,,,,,,,,,,,,,,,,,,,,,,,,,,,,,,,,,,,,,,,,,,,,
2021-11-01,232.44,292.21,,167.78,,,,,313.31,,219.83,,,135.03,,,,,,166.91,97.4,,,,99.62,83.83,,,55.62,57.33,,,,,32.58,116.94,,41.98,,,,35.4,,,,,,,,,,,,,,,,,63.65,23.71,68.99,162.74,70.27,92.44,109.13,171.37,45.57,94.86,76.27,100.42,47.05,63.98,,,,82.39,54.86,56.29,38.08,98.52,76.14,70.84,155.18,88.55,110.91,,34.37,183.82,248.6,392.89,69.2,114.23,34.53,76.1,96.52,111.06,39.23,31.15,64.2,45.81,48.7,63.75,169.14,214.06,99.62,227.13,46.04,27.36,32.42,54.01,57.56,,54.24,146.1,133.1,82.9,34.53,31.88,39.37,,95.07,63.87,90.76,87.85,,54.01,48.69,64.51,29.22,58.44,167.35,108.47,64.64,96.07,90.76,,106.26,126.18,332.05,72.23,68.18,67.74,92.97,29.22,37.85,29.22,29.73,51.25,50.65,74.85,58.14,62.87,34.53,213.49,48.7,86.33,171.78,50.53,44.27,94.17,,,,,,,,,,,,,,,,,,,,,,,,,,,,,,,,,,,,,,,,,,,,,,,,,,,,,,,,,,,,,,,,,,,,,,,,,,,,,,,,,,,,,,,,,,,,,,,,,
2021-12-01,231.79,259.81,,184.3,,,,,326.71,,157.29,,,163.06,,,,,,133.9,88.3,,,,99.34,75.23,,,53.08,53.55,,,,,29.77,116.68,,40.95,,,,35.98,,,,,,,,,,,,,,,,,63.47,24.39,60.92,163.36,90.31,88.36,121.63,170.32,43.43,77.68,76.0,98.08,48.87,55.72,,,,78.48,54.71,40.89,37.97,99.34,75.94,70.64,160.85,88.3,105.96,,33.27,141.73,577.34,379.69,70.64,105.96,32.98,83.89,74.17,111.06,41.95,23.53,53.42,41.91,45.92,42.38,173.34,199.01,88.03,211.71,45.92,23.48,32.33,53.87,58.72,,53.0,145.7,132.45,88.3,34.44,33.46,58.37,,94.86,58.64,90.51,88.33,,53.86,43.27,64.33,29.14,58.28,116.4,102.86,45.92,88.17,103.88,,89.18,91.61,295.81,66.23,59.16,61.76,75.06,29.14,39.74,36.64,29.64,44.07,45.03,77.7,56.53,46.36,42.38,110.38,48.57,86.09,171.3,52.1,44.15,51.21,,,,,,,,,,,,,,,,,,,,,,,,,,,,,,,,,,,,,,,,,,,,,,,,,,,,,,,,,,,,,,,,,,,,,,,,,,,,,,,,,,,,,,,,,,,,,,,,,
2022-01-01,252.41,286.36,,188.26,,,,,348.58,,159.72,,,165.58,,,,,,138.76,89.67,,,,100.88,75.89,,,591.8,54.38,,,,,32.24,117.55,,44.49,,,,36.84,,,,,,,,,,,,,,,,,58.32,25.62,61.86,165.88,93.08,89.73,123.52,141.23,47.39,89.77,77.11,92.92,52.39,56.58,,,,66.77,55.56,43.15,28.94,100.88,76.22,71.73,165.88,89.66,101.32,,33.79,146.47,335.03,419.08,71.73,100.88,25.11,82.29,76.65,120.05,42.81,19.73,62.06,41.03,31.83,43.04,167.96,195.91,100.88,217.24,46.63,20.52,32.28,54.86,60.08,,53.81,101.32,134.5,87.43,34.97,34.07,57.63,,81.26,59.55,68.15,89.69,,47.52,43.94,65.32,29.59,58.33,125.53,60.35,50.21,100.88,98.25,,77.11,89.67,274.64,62.77,57.39,54.77,49.32,29.59,40.35,38.56,30.1,38.11,45.73,78.91,59.45,48.83,43.04,131.07,49.32,87.43,132.26,52.9,44.83,52.01,,,,,,,,,,,,,,,,,,,,,,,,,,,,,,,,,,,,,,,,,,,,,,,,,,,,,,,,,,,,,,,,,,,,,,,,,,,,,,,,,,,,,,,,,,,,,,,,,
2022-02-01,268.31,217.78,,186.67,311.91,,,,380.11,,156.59,,,182.23,,,,,,152.81,89.44,,,,100.62,67.67,,,590.28,54.24,,,,,31.18,117.42,153.2,42.92,,,,34.68,,,,,,,438.2,,,,,,,,,,68.39,27.48,61.7,165.46,105.3,89.5,123.85,160.98,48.96,89.54,76.92,92.68,51.81,54.48,,,,55.82,55.41,46.59,28.47,100.62,76.65,71.55,169.72,89.43,101.96,,33.7,147.57,335.19,424.82,91.44,96.74,25.04,74.82,84.11,113.03,35.55,20.79,65.04,37.09,31.75,42.93,189.38,180.21,91.67,198.11,46.51,21.8,32.2,54.94,61.71,,53.67,75.56,134.15,71.55,34.94,26.89,58.13,,81.05,54.81,70.86,89.44,,44.05,34.96,65.15,29.51,58.14,125.21,60.19,47.07,96.48,88.54,,76.92,89.39,269.94,57.86,58.95,50.98,52.32,29.51,40.25,39.3,30.02,38.01,46.51,78.7,60.18,51.97,42.93,133.26,62.61,58.12,134.15,52.77,38.9,67.97,,,,,,,,,,,,,,,,,,,,,,,,,,,,,,,,,,,,,,,,,,,,,,,,,,,,,,,,,,,,,,,,,,,,,,,,,,,,,,,,,,,,,,,,,,,,,,,,,
2022-03-01,282.2,242.68,,295.65,255.34,,,335.95,333.56,,156.78,,,246.38,,,,,,150.96,89.59,,,,100.79,66.47,,,591.3,51.34,,,,,33.08,117.66,107.51,41.58,,,,30.47,,,,,,,253.1,,,,,,,,,,67.59,25.2,61.81,72.57,79.74,161.26,147.15,232.04,49.04,89.7,77.26,92.84,56.81,63.35,,,,58.24,55.51,43.69,25.23,100.79,76.68,89.59,147.83,88.95,102.21,,33.21,147.83,336.93,492.75,107.11,86.44,17.02,59.13,75.26,103.03,38.52,16.08,56.89,28.23,27.77,51.14,179.18,192.26,101.46,255.28,46.59,18.0,32.25,54.47,55.37,,49.28,80.62,134.39,71.67,35.0,20.83,58.23,,81.19,56.77,70.98,89.59,,50.17,35.56,63.7,29.57,58.95,125.43,45.69,45.69,95.19,88.7,,77.05,95.47,270.84,62.51,60.03,53.17,60.03,29.57,40.32,37.69,30.08,35.84,46.59,78.84,64.37,44.79,48.67,134.21,62.71,58.23,136.07,52.86,38.44,53.08,,,,,,,,,,,,,,,,,,,,,,,,,,,,,,,,,,,,,,,,,,,,,,,,,,,,,,,,,,,,,,,,,,,,,,,,,,,,,,,,,,,,,,,,,,,,,,,,,
2022-04-01,373.66,285.41,,175.73,284.39,,,352.24,382.53,,159.99,,,128.69,,,,,,132.09,95.19,,,,69.89,60.9,,,628.32,51.63,,,,,38.22,103.52,91.82,47.22,,,,38.23,,,,,,,225.32,,,,,,,,,,65.15,28.51,76.1,83.78,85.68,155.14,142.09,139.81,114.24,95.64,159.76,171.36,49.5,109.96,,,,59.46,58.99,49.98,39.03,107.1,85.58,95.2,123.76,95.2,134.4,,35.34,154.22,359.04,519.29,110.7,79.02,19.52,67.12,97.09,113.71,41.92,19.03,59.75,32.69,29.51,48.55,186.81,207.59,134.17,274.31,49.5,21.48,34.27,57.06,44.51,,50.98,73.79,108.29,47.6,28.21,19.05,61.88,,130.96,63.78,75.43,113.71,,53.31,38.67,69.31,31.42,62.66,86.63,54.35,45.7,102.69,93.3,,93.8,133.28,285.59,73.24,62.36,48.55,59.98,31.42,42.84,40.12,38.53,38.08,46.43,104.96,64.64,47.59,54.25,116.62,75.5,61.87,142.79,49.5,42.84,55.22,,,,,,,,,,,,,,,,,,,,,,,,,,,,,,,,,,,,,,,,,,,,,,,,,,,,,,,,,,,,,,,,,,,,,,,,,,,,,,,,,,,,,,,,,,,,,,,,,
2022-05-01,367.57,248.99,,159.72,245.97,,,343.43,352.72,,139.23,,,125.77,,,,,,111.37,85.39,,,,102.1,63.83,,,612.61,52.37,,,,,35.55,68.22,84.93,38.06,,,,37.83,,,,,,,182.39,,,,,,,,,,72.55,29.84,86.18,78.43,82.15,113.7,125.31,113.7,60.96,93.25,146.84,150.14,50.59,107.21,,,,54.92,57.51,51.05,38.06,104.42,83.44,92.82,139.23,89.11,116.48,,38.27,129.94,255.25,472.45,86.79,60.12,18.16,59.09,78.9,105.35,42.23,19.03,66.18,32.02,30.17,48.97,164.76,213.47,185.72,266.67,39.83,19.03,33.42,52.63,36.56,,52.95,69.76,81.14,46.41,25.99,20.42,35.25,,89.11,58.48,79.83,109.9,,51.75,38.28,93.04,30.63,61.03,94.95,51.52,47.8,100.26,99.37,,91.17,108.36,278.46,71.08,58.72,46.99,58.48,36.2,41.77,34.34,42.54,37.13,47.24,102.09,51.98,60.33,52.9,110.08,72.57,60.32,133.76,53.84,41.77,53.84,,,,,,,,,,,,,,,,,,,,,,,,,,,,,,,,,,,,,,,,,,,,,,,,,,,,,,,,,,,,,,,,,,,,,,,,,,,,,,,,,,,,,,,,,,,,,,,,,
2022-06-01,342.47,239.31,,151.52,210.23,,,354.18,335.04,,142.39,,,122.53,,,,,,100.88,69.88,,,,105.3,65.83,,,631.79,49.07,,,,,35.37,70.36,63.7,39.25,,,,41.66,,,,,,,164.43,,,,,,,,,,75.62,28.75,79.42,81.41,64.8,117.26,115.24,104.1,58.82,122.53,144.05,129.83,54.85,110.56,76.39,152.18,86.29,48.76,59.31,47.83,39.25,107.69,86.05,76.57,143.59,91.9,126.37,,62.22,108.09,263.23,478.63,76.58,66.05,15.79,58.37,72.66,94.98,39.21,16.96,56.95,32.07,25.94,48.88,158.85,232.13,192.44,255.08,41.0,18.13,34.46,56.24,47.54,,54.61,71.92,78.49,42.11,26.8,22.9,37.09,,108.17,52.17,68.62,102.43,,43.08,42.16,77.49,31.59,63.04,79.45,55.52,49.38,90.32,86.18,,94.02,116.18,285.06,93.57,61.59,78.49,72.75,34.46,34.98,28.72,43.27,38.29,45.54,78.4,51.21,62.22,54.26,117.74,73.48,62.21,161.52,56.48,40.68,56.81,,,,,,,,,,,,,,,,,,,,,,,,,,,,,,,,,,,,,,,,,,,,,,,,,,,,,,,,,,,,,,,,,,,,,,,,,,,,,,,,,,,,,,,,,,,,,,,,,
2022-07-01,343.4,245.28,,142.26,188.38,,,363.02,345.85,,140.3,,,130.98,,,,,,113.48,61.37,,,,107.92,67.47,,,647.55,52.0,,,,,36.25,57.89,65.14,40.23,,,,39.22,,,,,,,133.56,,,,,,,,,,71.76,25.75,78.48,79.96,64.75,101.55,117.01,97.62,64.34,120.19,157.55,127.55,55.92,113.32,74.57,245.77,72.67,56.67,27.39,62.16,38.26,110.38,77.18,59.11,117.74,105.6,130.74,,46.14,103.51,269.8,456.23,85.85,58.87,19.69,61.85,58.04,97.62,42.72,18.4,56.41,28.44,29.81,48.07,171.7,220.55,146.69,245.88,42.03,16.14,35.32,65.2,46.36,,49.07,69.42,82.44,44.11,27.47,24.52,41.17,,110.87,53.47,65.97,105.1,,44.64,43.37,81.14,32.38,63.83,81.43,56.91,49.8,101.43,97.13,,96.97,117.74,293.11,89.81,63.66,50.07,50.48,25.51,37.28,23.3,47.83,40.51,45.5,86.34,49.98,63.77,55.18,138.58,74.42,63.76,142.26,57.89,42.68,68.33,,,,,,,,,,,,,,,,,,,,,,,,,,,,,,,,,,,,,,,,,,,,,,,,,,,,,,,,,,,,,,,,,,,,,,,,,,,,,,,,,,,,,,,,,,,,,,,,,
2022-08-01,355.11,242.83,,145.0,192.79,,,369.07,347.42,,139.65,,,118.66,,,,,,109.0,64.84,,,,99.75,68.6,,,658.35,52.87,,,,,36.86,52.87,60.09,41.85,,,,56.37,,,,,,,140.16,,,,,,,,,,80.44,31.29,80.3,79.8,69.81,102.3,112.22,117.21,65.42,132.17,154.48,141.55,60.11,115.21,89.28,149.62,76.53,69.19,27.67,54.86,58.85,87.78,57.68,60.56,131.61,114.5,122.19,,36.85,104.82,73.76,448.87,87.28,59.85,18.54,56.86,63.12,101.59,39.97,17.96,53.23,32.93,29.92,49.87,190.91,215.85,161.59,264.48,42.73,18.95,35.91,77.94,42.58,,44.69,70.36,78.61,64.69,27.93,24.93,41.36,,104.74,52.17,59.85,106.85,,45.39,44.11,79.95,32.92,64.85,76.33,57.85,50.46,101.74,92.77,,79.43,111.05,288.42,87.53,70.59,51.11,51.11,21.94,38.4,52.87,42.89,41.52,46.38,87.78,56.04,64.84,53.36,140.62,90.85,61.25,130.17,58.85,36.91,68.11,,,,,,,,,,,,,,,,,,,,,,,,,,,,,,,,,,,,,,,,,,,,,,,,,,,,,,,,,,,,,,,,,,,,,,,,,,,,,,,,,,,,,,,,,,,,,,,,,
2022-09-01,432.37,282.86,338.39,171.68,198.38,,,376.42,407.96,,133.49,,,120.55,,,213.4,,,115.98,66.13,,,,88.51,80.77,,,671.44,53.92,,,,,37.53,59.01,68.16,39.2,,,,57.49,,,,,,,124.33,,,,,,,,,,79.52,16.35,81.45,77.76,83.49,123.82,121.57,127.44,65.11,134.8,167.9,151.0,58.82,117.5,80.12,159.83,75.63,64.03,25.94,55.95,45.91,89.53,51.88,59.01,128.13,124.12,122.08,,39.68,112.23,63.08,460.35,89.02,52.9,19.0,56.04,68.82,104.62,38.56,20.86,63.18,34.08,30.45,51.45,174.21,208.51,162.77,279.94,40.68,18.84,36.62,69.89,47.35,,45.58,71.76,80.31,64.47,35.29,27.47,66.13,24.47,106.82,41.14,76.3,130.98,22.89,46.29,44.99,97.06,33.57,66.14,70.13,59.01,52.4,84.95,102.58,77.19,81.46,119.54,295.93,87.49,58.57,47.78,62.06,22.38,35.61,27.47,50.87,39.68,49.62,89.53,51.88,66.13,37.11,143.3,94.09,35.82,135.78,60.02,41.13,59.01,,,,,,,,,,,,,,,,,,,,,,,,,,,,,,,,,,,,,,,,,,,,,,,,,,,,,,,,,,,,,,,,,,,,,,,,,,,,,,,,,,,,,,,,,,,,,,,,,
2022-10-01,553.3,291.19,314.41,181.55,205.93,,,455.8,332.79,,127.59,,,121.0,,,233.55,,,114.52,63.9,,,,65.29,69.23,,,662.98,53.24,,,,,44.2,66.36,61.14,53.49,,,,50.18,,,,,,,116.16,,,,,,,,,,75.33,17.58,80.86,93.92,80.36,117.77,111.5,135.61,65.29,173.27,163.28,173.97,61.28,74.04,68.96,145.66,72.83,63.16,30.14,55.25,36.16,90.41,46.21,58.26,124.55,106.49,114.7,,42.74,109.45,65.53,578.52,82.42,50.23,20.07,58.32,59.28,95.6,41.32,17.08,60.27,28.61,28.88,60.27,165.75,219.44,149.93,271.22,40.17,19.82,36.16,66.77,38.17,,42.76,68.48,78.35,49.64,28.29,27.12,65.29,16.83,135.13,36.74,65.17,145.66,36.92,47.57,45.65,95.84,33.15,60.25,81.14,58.26,51.72,90.51,124.2,41.19,127.39,110.55,320.14,86.2,40.18,55.25,39.85,20.84,31.92,32.14,47.21,39.18,54.89,62.28,51.59,67.6,41.43,137.38,70.33,36.06,136.11,59.27,41.61,55.57,,,,,,,,,,,,,,,,,,,,,,,,,,,,,,,,,,,,,,,,,,,,,,,,,,,,,,,,,,,,,,,,,,,,,,,,,,,,,,,,,,,,,,,,,,,,,,,,,
2022-11-01,524.51,274.06,297.84,175.81,171.83,,,440.69,322.05,299.14,140.67,,,125.87,,,130.75,,,110.42,58.67,,,,71.38,66.51,,,51.34,51.33,,,,,35.84,57.15,51.34,60.85,,,,48.38,,,,,,,111.39,,,,,,,,,,68.77,16.47,74.09,90.37,79.42,109.88,99.0,130.76,60.54,143.59,138.61,164.9,49.1,46.49,72.35,129.97,72.63,49.4,29.06,53.27,40.21,88.14,44.55,44.55,114.05,96.86,113.81,,37.86,96.86,66.83,472.52,77.49,51.62,20.43,49.6,57.64,91.64,41.17,23.97,52.8,28.09,29.06,61.26,159.81,178.46,120.89,259.09,39.11,20.07,34.87,79.15,32.93,,39.11,72.28,75.76,47.87,27.6,27.12,43.58,16.22,130.03,40.86,62.96,142.36,29.06,45.45,43.8,75.56,27.36,53.25,76.52,56.18,32.93,88.26,106.71,39.71,109.1,120.1,306.93,77.09,39.71,53.27,43.59,22.52,31.33,33.9,34.87,37.77,52.59,57.39,40.68,69.5,24.21,133.3,45.52,39.64,110.63,57.15,39.24,59.24,,,,,,,,,,,,,,,,,,,,,,,,,,,,,,,,,,,,,,,,,,,,,,,,,,,,,,,,,,,,,,,,,,,,,,,,,,,,,,,,,,,,,,,,,,,,,,,,,
2022-12-01,511.68,262.65,268.72,169.62,183.37,,,426.8,305.45,269.68,132.03,,,119.47,,,123.91,,,106.93,51.44,,,,70.34,45.02,,,47.84,48.29,,,,,34.84,47.1,47.37,67.54,,,,47.9,,,,,,,98.49,,,,,,,,,,64.25,21.11,71.76,74.1,68.85,103.18,94.74,110.4,50.67,145.68,138.35,158.12,35.06,47.37,56.71,125.84,65.71,46.9,28.14,51.59,30.95,56.86,43.15,39.23,122.41,109.98,106.48,,45.49,102.74,52.06,459.63,73.99,44.46,19.13,45.82,53.05,102.07,42.2,21.56,55.34,29.92,27.86,54.41,148.21,162.46,111.62,262.76,38.54,17.94,33.77,49.39,36.58,,38.02,65.66,83.38,31.93,32.83,20.27,42.73,24.65,154.76,47.75,65.11,150.08,26.26,47.09,42.68,70.75,26.5,47.38,70.33,32.44,33.58,79.53,97.09,38.46,93.79,116.31,311.95,72.79,38.46,34.75,40.08,23.27,35.18,32.83,41.27,33.44,46.4,57.35,38.46,58.15,23.44,109.7,52.87,32.83,112.33,55.34,38.65,51.89,,,,,,,,,,,,,,,,,,,,,,,,,,,,,,,,,,,,,,,,,,,,,,,,,,,,,,,,,,,,,,,,,,,,,,,,,,,,,,,,,,,,,,,,,,,,,,,,,
2023-01-01,467.72,260.35,275.28,171.63,169.43,,,466.13,306.43,201.6,134.16,,,119.81,,,133.5,,,90.6,49.77,,,,59.9,41.02,,,43.12,56.63,,,,,36.4,55.3,46.07,66.36,,,,46.08,,,,,,,93.71,,,,,,,,,,65.24,22.61,66.95,76.33,67.37,95.39,97.73,105.98,43.79,161.27,138.23,144.29,33.18,49.11,59.44,120.06,57.73,49.72,29.49,50.69,33.18,55.3,61.75,48.35,114.19,89.4,105.98,,53.49,105.98,57.32,447.35,72.78,37.16,18.0,44.02,48.51,89.61,38.67,20.28,46.08,35.19,27.9,61.29,154.62,137.6,116.16,258.05,37.66,17.89,33.18,41.89,33.18,,28.24,87.65,82.94,44.11,30.21,21.2,45.77,24.22,138.24,37.79,69.12,183.2,25.8,46.27,32.72,68.67,32.21,46.55,90.32,33.18,33.05,79.26,104.8,37.79,92.15,114.28,345.6,67.63,37.79,34.74,36.4,23.48,35.01,32.26,45.6,31.56,55.3,52.41,41.48,62.05,23.03,100.33,46.1,37.32,118.67,54.37,37.97,50.71,,,,,,,,,,,,,,,,,,,,,,,,,,,,,,,,,,,,,,,,,,,,,,,,,,,,,,,,,,,,,,,,,,,,,,,,,,,,,,,,,,,,,,,,,,,,,,,,,
2023-02-01,533.12,240.37,294.5,179.05,168.76,,,525.13,330.02,207.38,138.52,,,125.29,,,131.94,,,81.52,42.9,,,,69.64,48.01,,,42.41,59.41,,,,,35.39,57.96,47.06,49.95,,,,43.15,,,,,,,94.24,,,,,,,,,,61.08,21.91,64.22,71.62,65.96,83.34,89.06,94.95,47.12,147.72,137.12,142.74,38.18,38.17,52.97,123.69,55.79,43.1,29.01,51.83,33.93,56.54,50.89,47.12,128.21,100.82,108.38,,42.41,98.95,57.75,461.8,54.34,40.26,19.32,44.68,51.06,93.3,36.61,17.64,50.25,35.01,22.97,62.61,141.36,156.87,94.91,292.14,38.68,19.51,33.93,36.02,30.16,,31.1,72.09,83.52,49.24,30.63,21.68,42.78,24.5,164.51,40.59,70.68,212.04,26.39,47.32,33.46,93.3,32.94,47.6,69.27,30.16,31.1,73.05,108.57,38.64,98.67,116.86,333.86,69.15,37.51,36.68,37.22,23.62,35.77,36.75,48.44,32.8,56.54,64.44,42.31,70.62,23.55,125.0,42.41,38.44,116.46,51.1,38.83,51.83,,,,,,,,,,,,,,,,,,,,,,,,,,,,,,,,,,,,,,,,,,,,,,,,,,,,,,,,,,,,,,,,,,,,,,,,,,,,,,,,,,,,,,,,,,,,,,,,,
2023-03-01,521.8,268.06,282.85,176.04,154.06,,,664.85,326.01,183.41,155.31,,,131.14,,,121.03,,,86.6,40.81,,,,56.43,44.48,,,41.07,57.81,,,,,33.93,55.02,42.17,45.16,,,,43.17,,,,,,,85.89,,,,,,,,,,60.89,23.84,64.34,66.94,64.19,87.12,90.79,76.69,41.73,153.6,135.07,151.31,32.1,35.88,45.12,117.35,50.44,45.85,29.35,40.35,33.01,55.02,42.18,46.4,114.63,81.07,104.05,,41.27,98.58,56.9,435.19,51.15,38.97,16.05,41.27,48.59,87.12,32.55,14.67,47.49,29.74,24.93,61.72,145.55,166.32,92.74,264.04,46.26,20.95,33.01,43.1,29.35,,40.96,70.15,80.24,47.92,21.61,19.17,43.25,21.19,234.76,38.7,68.78,220.58,25.68,46.18,32.55,90.79,32.07,53.86,68.78,33.01,30.26,67.86,98.95,49.98,91.7,108.8,395.38,87.12,41.22,39.43,36.12,24.48,28.64,32.1,42.13,31.64,74.21,73.23,42.18,76.78,22.92,132.97,41.27,38.39,126.69,42.18,38.19,46.81,,,,,,,,,,,,,,,,,,,,,,,,,,,,,,,,,,,,,,,,,,,,,,,,,,,,,,,,,,,,,,,,,,,,,,,,,,,,,,,,,,,,,,,,,,,,,,,,,
2023-04-01,577.6,255.18,304.99,183.56,153.42,,,702.5,302.12,178.02,149.64,,,115.13,,,110.03,,,74.33,40.78,,,,50.76,41.32,,,41.74,35.18,,,,,32.36,41.99,38.07,40.09,,,,38.52,,,,,,,83.8,,,,,,,,,,57.11,18.81,58.92,67.08,56.58,83.02,89.74,81.02,39.49,135.97,131.83,146.62,40.79,36.51,45.32,108.77,45.78,33.55,40.3,34.99,32.63,51.81,41.7,60.82,112.1,77.05,101.15,,37.23,91.86,60.23,472.94,49.85,42.77,15.86,41.12,44.57,91.35,35.11,16.32,48.09,26.05,26.32,60.28,157.5,168.72,90.28,257.21,44.86,27.18,30.52,48.3,30.92,,33.18,72.87,84.07,47.36,23.57,19.49,45.3,20.96,251.01,38.16,64.88,328.12,27.19,48.54,32.18,104.47,31.7,52.22,74.06,32.63,37.5,68.34,95.49,49.4,94.66,113.31,444.16,81.58,42.18,41.92,35.8,22.63,25.38,29.05,45.31,29.74,76.14,84.69,41.7,91.11,22.65,134.61,27.87,41.69,107.48,45.45,37.55,52.96,,,,,,,,,,,,,,,,,,,,,,,,,,,,,,,,,,,,,,,,,,,,,,,,,,,,,,,,,,,,,,,,,,,,,,,,,,,,,,,,,,,,,,,,,,,,,,,,,
2023-05-01,590.96,250.98,321.73,188.74,146.0,,,899.09,312.33,175.27,152.47,,,119.11,,,110.41,,,74.02,40.1,,,,57.63,48.64,,,43.42,33.54,,,,,33.14,47.81,36.28,44.25,,,,41.46,,,,,,,81.08,,,,,,,,,,52.86,21.43,58.7,68.01,60.68,85.74,93.17,86.65,40.06,146.74,135.1,133.47,40.99,38.12,43.55,114.6,50.31,46.58,43.9,35.96,33.54,57.68,40.15,58.7,116.41,86.18,104.44,,39.83,97.32,69.88,592.24,56.1,37.17,16.77,42.85,42.81,108.59,38.91,17.87,54.32,28.42,25.5,68.48,169.08,180.52,100.8,273.46,46.11,23.62,32.56,55.9,25.61,,38.31,68.48,101.81,54.17,26.38,22.36,47.2,25.16,368.23,42.86,74.54,403.69,27.95,65.22,33.08,114.13,32.58,59.96,107.46,32.27,35.74,74.77,104.82,50.78,101.8,116.46,616.71,105.17,45.73,39.51,35.59,25.75,22.39,32.61,55.86,37.26,91.58,92.24,41.93,139.75,23.28,170.81,28.65,39.13,128.71,45.62,37.26,46.7,,,,,,,,,,,,,,,,,,,,,,,,,,,,,,,,,,,,,,,,,,,,,,,,,,,,,,,,,,,,,,,,,,,,,,,,,,,,,,,,,,,,,,,,,,,,,,,,,
2023-06-01,538.74,264.54,296.91,197.56,138.25,86.15,,793.52,333.06,167.72,178.05,,,115.48,,,106.97,,,80.28,37.38,,,,53.6,47.57,,,43.25,40.38,,,,,32.79,46.47,33.35,44.88,,,,37.11,,,,50.05,,,73.51,,,,,,,,,,55.21,18.93,54.29,72.69,60.73,84.19,86.54,91.18,39.09,148.37,138.02,129.89,37.45,34.98,41.41,105.08,48.77,40.84,43.62,35.96,33.12,58.22,39.8,49.18,103.51,97.76,101.43,,37.44,106.03,69.01,491.61,52.14,37.96,16.56,38.9,36.35,89.06,31.89,17.56,47.85,28.52,27.45,54.29,156.4,180.58,100.77,287.65,54.83,25.86,41.25,51.07,22.85,,37.72,68.55,85.46,57.35,27.59,20.24,45.98,24.84,411.65,44.29,73.61,439.29,30.02,73.3,32.66,115.02,32.18,78.21,117.38,32.32,33.08,79.13,107.17,50.15,96.61,164.8,701.6,119.62,45.73,39.57,39.03,27.6,20.81,27.79,64.41,36.78,107.23,176.86,50.56,207.45,21.16,192.46,28.29,38.65,118.57,44.94,36.81,46.93,,,,,,,,,,,,,,,,,,,,,,,,,,,,,,,,,,,,,,,,,,,,,,,,,,,,,,,,,,,,,,,,,,,,,,,,,,,,,,,,,,,,,,,,,,,,,,,,,
2023-07-01,606.61,239.47,290.27,190.48,134.93,68.61,,898.49,300.27,157.05,187.79,,,113.22,,,110.21,,,75.74,43.54,,,,62.22,48.45,,,45.35,40.75,,,,,36.28,56.24,32.14,42.43,,,,32.66,,,,35.6,,,73.47,,,,,,,,,,54.26,19.72,57.04,72.57,70.44,85.27,93.43,93.42,37.64,145.96,136.53,138.46,34.35,36.27,41.46,99.77,46.71,43.03,37.94,54.58,35.4,56.21,50.25,56.69,113.28,94.47,106.42,,42.63,102.55,68.03,439.94,54.42,34.19,19.96,47.95,37.65,83.63,31.85,21.7,46.62,29.59,25.83,56.24,156.69,191.02,110.41,315.43,52.88,30.86,36.11,49.6,25.4,61.68,36.54,68.65,89.8,77.1,25.39,19.96,51.68,23.58,383.45,42.84,81.64,401.39,48.69,63.5,32.2,130.81,31.72,85.72,142.86,34.83,49.89,78.52,117.92,49.44,94.15,168.53,735.19,139.88,49.75,39.0,38.55,26.03,24.9,28.12,58.7,36.27,111.96,165.01,45.35,184.59,25.22,201.82,27.64,40.08,120.71,44.23,38.55,46.84,,,,,,,,,,,,,,,,,,,,,,,,,,,,,,,,,,,,,,,,,,,,,,,,,,,,,,,,,,,,,,,,,,,,,,,,,,,,,,,,,,,,,,,,,,,,,,,,,
2023-08-01,527.78,243.84,289.96,187.51,129.89,91.46,,835.15,301.85,146.35,175.39,,,113.29,,,109.76,,,66.36,40.15,,,,57.34,49.33,,131.71,44.82,42.39,,,,,33.84,48.87,32.01,47.95,,,,32.56,,,,30.8,11.43,,75.01,,,,,,,,,,55.8,22.28,55.8,69.06,62.87,83.59,99.47,92.38,34.79,139.49,132.16,137.2,33.66,31.65,42.08,97.8,46.65,45.61,28.36,41.39,39.33,56.66,51.17,57.17,115.93,94.92,93.76,,38.79,100.62,68.6,414.7,52.23,38.24,19.84,46.28,40.72,82.31,32.03,17.35,47.47,26.08,24.01,56.2,149.81,189.64,111.63,346.41,65.42,23.09,31.33,57.39,28.18,62.2,36.58,71.32,85.43,77.75,27.88,18.29,54.87,25.02,345.3,39.3,77.64,297.28,48.13,50.63,32.01,143.02,31.99,73.42,144.1,36.58,55.76,91.66,112.82,49.85,100.75,159.4,432.07,124.17,43.45,41.07,37.87,26.11,25.41,32.01,63.02,36.58,83.47,138.52,39.03,145.21,25.11,196.66,38.43,36.92,129.63,44.32,38.87,48.72,,,,,,,,,,,,,,,,,,,,,,,,,,,,,,,,,,,,,,,,,,,,,,,,,,,,,,,,,,,,,,,,,,,,,,,,,,,,,,,,,,,,,,,,,,,,,,,,,
2023-09-01,517.51,234.56,277.4,187.46,135.39,69.74,,699.58,295.86,151.9,166.58,138.87,,107.46,10.68,,110.14,,11.29,70.22,37.32,68.77,60.16,76.85,48.17,49.64,,125.37,46.86,43.87,,,,,31.08,44.5,31.7,48.88,,82.34,24.8,33.53,,31.78,20.4,35.03,11.0,,70.53,,,,,22.31,,,,,51.6,23.67,54.76,69.83,56.58,84.59,85.44,78.83,34.21,154.32,121.86,125.79,36.25,38.9,40.82,92.36,41.95,47.34,30.86,42.84,37.18,56.81,52.88,68.87,112.99,92.78,90.41,,35.03,90.31,71.01,435.51,48.14,37.45,19.34,48.11,35.2,91.42,34.15,21.3,53.47,31.87,30.37,49.36,152.46,184.62,125.52,350.3,63.9,29.36,32.43,44.02,24.62,64.76,37.74,75.65,102.25,75.04,30.3,19.4,52.07,25.89,310.06,40.24,86.36,290.78,40.89,49.37,33.18,153.03,33.11,76.29,119.58,46.67,50.18,111.24,122.83,51.6,111.4,164.99,439.12,117.16,44.97,43.68,39.71,28.4,32.07,36.37,57.22,33.36,84.01,127.13,40.69,146.04,28.4,203.54,46.48,38.97,129.32,46.11,38.81,47.34,,,,,,,,,,,,,,,,,,,,,,,,,,,,,,,,,,,,,,,,,,,,,,,,,,,,,,,,,,,,,,,,,,,,,,,,,,,,,,,,,,,,,,,,,,,,,,,,,
2023-10-01,480.45,212.07,263.86,173.51,126.24,70.65,,743.43,286.35,144.86,169.57,165.8,,102.68,10.87,,94.21,,,67.36,35.72,70.65,63.12,76.31,43.19,50.32,,91.52,45.29,42.07,,,,,23.31,47.1,30.14,47.1,,57.34,70.54,34.03,,36.27,36.85,29.65,11.11,,66.35,,,,,34.41,,,,,46.4,18.84,52.78,58.41,51.9,77.25,79.13,76.31,35.46,138.28,113.05,132.11,33.81,39.4,36.34,91.15,40.33,47.09,28.92,39.57,40.51,54.69,53.44,65.93,104.44,100.9,94.21,,37.81,84.55,70.65,465.42,47.1,28.04,17.61,36.74,36.15,84.79,33.12,18.0,47.1,32.97,23.75,49.65,154.54,181.01,126.36,283.16,59.73,27.72,29.2,45.94,28.26,64.44,35.11,67.28,89.72,74.67,29.06,18.83,50.57,23.1,291.1,41.87,86.82,293.91,43.44,46.56,44.19,150.26,32.96,75.91,129.06,46.07,53.3,95.38,113.4,51.34,117.71,134.65,399.16,137.27,48.28,43.11,37.97,35.27,34.41,32.8,69.71,42.29,103.63,131.89,45.29,123.0,23.55,190.34,46.25,38.78,130.31,51.62,37.47,44.72,,,,,,,,,,,,,,,,,,,,,,,,,,,,,,,,,,,,,,,,,,,,,,,,,,,,,,,,,,,,,,,,,,,,,,,,,,,,,,,,,,,,,,,,,,,,,,,,,
2023-11-01,477.14,200.48,248.94,171.7,109.35,68.35,,751.8,274.37,126.21,160.95,135.78,,92.49,10.48,,87.86,,10.54,64.7,33.73,54.22,63.33,71.82,45.56,43.73,50.38,77.22,40.55,40.73,,,,,24.6,48.3,28.42,45.56,,64.08,68.24,35.5,,38.96,91.13,29.18,10.45,,60.99,,,,,25.74,,,,,39.18,14.33,51.43,64.24,51.03,75.36,83.78,71.76,29.63,121.88,109.35,113.91,32.57,38.26,32.81,74.83,37.9,40.1,27.34,45.56,39.18,52.88,51.65,68.35,100.76,98.58,93.3,,34.23,82.01,68.35,438.01,49.21,32.34,18.13,36.74,31.89,91.03,30.06,18.01,46.39,30.98,26.94,48.04,136.69,152.72,115.16,263.34,59.22,25.52,24.6,43.64,27.34,62.33,31.58,65.41,104.33,65.57,27.33,20.96,51.4,22.64,231.25,41.91,93.41,283.86,42.33,41.01,41.98,111.86,21.41,73.43,105.94,42.75,52.05,103.51,104.89,49.66,124.26,107.94,414.8,109.62,44.33,46.47,35.91,29.72,23.77,28.52,56.95,39.86,100.24,127.81,43.74,120.47,24.27,183.96,44.73,34.3,126.05,41.62,37.36,46.47,,,,,,,,,,,,,,,,,,,,,,,,,,,,,,,,,,,,,,,,,,,,,,,,,,,,,,,,,,,,,,,,,,,,,,,,,,,,,,,,,,,,,,,,,,,,,,,,,
2023-12-01,469.81,202.9,211.64,180.69,98.05,68.67,,798.26,273.92,119.36,145.31,123.33,,95.19,10.31,,89.06,,18.35,63.07,34.4,40.21,46.2,43.37,39.3,43.37,44.27,68.92,37.96,44.56,,,,,23.55,47.88,29.82,41.89,,36.25,41.42,29.48,,24.39,89.45,26.88,10.62,,63.37,,,,,25.3,,,,,44.59,14.59,45.17,63.24,45.17,72.23,90.34,72.33,31.82,133.26,107.88,113.02,33.53,33.86,33.23,74.09,31.67,45.15,27.1,45.17,36.13,52.47,54.92,76.71,96.11,97.74,94.86,,34.32,76.91,67.76,442.36,46.08,33.73,18.97,34.78,37.95,89.9,32.38,17.38,53.98,27.15,21.4,58.93,142.89,154.22,106.11,266.75,45.71,22.58,24.84,38.62,27.1,61.8,31.64,64.56,107.28,60.53,27.1,21.68,55.11,22.68,206.27,40.27,79.51,272.85,41.97,44.9,40.94,108.42,21.23,66.82,124.68,39.46,41.18,89.44,112.2,49.24,115.94,113.84,355.9,98.19,56.68,39.71,34.33,27.1,27.1,31.62,63.24,39.33,99.38,131.0,42.12,124.68,26.19,174.16,43.37,35.46,124.97,34.81,37.04,46.98,3100.21,,,,,,,170.78,,,,,,,,,,,,,,,,,,,,160.12,,,,,,,,,,,,,,,,,93.94,,,,,,,,,,,,,,,,,,,,1445.58,,,,,,,,,,,,,,,,,,,,,,,,,,,,,,,,
2024-01-01,545.62,226.32,225.01,189.06,103.24,77.26,,750.84,315.69,126.57,146.11,115.51,,94.54,10.56,,85.88,,28.62,59.78,33.2,41.04,45.19,47.03,42.42,44.88,43.87,65.37,41.5,43.81,,,,,22.67,48.88,31.36,37.83,,34.58,35.04,24.53,,21.27,31.81,26.88,7.48,,64.56,,,,,23.94,,,,,51.87,13.78,48.86,65.52,49.8,74.26,91.16,72.39,29.05,131.42,127.82,119.36,36.88,36.31,35.6,82.54,31.71,40.83,35.93,47.92,35.48,53.57,48.88,79.31,106.06,99.14,96.83,,32.0,84.48,69.17,433.12,47.96,29.51,20.06,38.73,33.66,76.78,32.69,17.03,51.14,29.19,23.75,59.35,134.33,165.67,105.58,295.52,46.11,23.05,23.57,44.6,29.51,63.08,33.24,66.4,112.32,66.4,27.2,22.13,45.05,20.63,216.1,33.21,74.7,289.38,34.33,40.47,40.58,111.36,19.38,68.21,118.36,40.08,42.65,92.95,114.12,50.26,118.35,124.5,363.32,95.68,63.45,41.5,35.82,30.52,30.3,32.01,62.77,36.06,84.98,129.11,42.48,124.5,24.1,184.44,44.27,35.97,138.33,35.53,37.81,43.11,3227.77,,,,,,,172.59,,,,,,,,,,,,,,,,,,,,163.44,,,,,,,,,,,,,,47.96,,,99.72,,,,,,,,,,,,,,,,,,,,1475.55,,,,,,,,,,,,,,,,,,,,,,,,,,,,,,,,
2024-02-01,510.51,226.42,230.65,193.89,113.02,74.27,,750.31,291.88,125.24,144.16,98.72,,110.01,10.57,,92.26,,5.81,55.36,33.84,34.14,40.12,45.53,39.79,42.02,37.49,60.1,37.01,43.82,,,,,21.46,48.9,31.37,42.45,,33.21,31.72,27.67,,18.63,26.29,24.5,4.84,,64.49,,,,,21.22,,,,,48.9,13.74,54.97,69.2,52.13,77.74,77.04,73.81,26.16,133.78,112.63,123.03,32.28,38.9,32.75,82.11,34.19,41.1,32.29,45.21,39.67,54.48,51.8,79.34,105.85,110.71,92.26,,28.61,77.04,57.2,426.96,44.29,23.99,20.3,36.41,31.37,78.43,31.97,15.22,53.51,27.31,23.67,60.92,130.41,155.47,129.7,322.87,44.98,22.15,30.45,46.08,28.28,63.11,33.06,68.97,120.62,70.26,21.22,21.22,47.79,23.56,230.65,34.83,81.19,294.25,35.54,43.36,34.14,129.17,19.52,77.35,118.94,36.9,41.14,76.71,106.06,42.9,118.4,120.33,372.73,89.49,63.48,38.29,35.83,30.37,31.36,33.18,60.61,36.18,88.73,121.32,40.6,119.63,23.99,174.14,46.48,36.19,124.55,38.99,37.83,46.04,2978.98,,,,1476.18,,63.37,225.86,,,,691.96,,,,,,,,150.32,,,,,,,,163.5,,,,,,,,,71.53,,,,,71.83,,,99.76,,,,,,,,,,,,,,,149.92,,,46.13,,,,,90.88,,121.64,,,92.17,,41.51,,,,,,,,,,,,,,,,,,,36.9,,,
2024-03-01,559.06,252.06,253.63,223.33,108.84,74.11,,755.46,294.24,132.01,162.85,103.76,,97.27,10.76,,83.08,,15.67,59.29,31.5,34.28,42.76,42.61,39.89,39.93,38.91,62.62,37.86,46.32,79.4,,,,21.31,49.1,31.91,37.06,,28.9,38.15,26.87,,19.91,24.35,32.02,4.86,99.62,55.58,,62.76,,,24.09,,,,,51.28,16.3,50.95,69.48,55.58,82.24,91.71,80.66,27.78,149.99,130.61,128.74,32.4,44.46,35.66,84.92,30.99,45.85,32.42,48.17,39.84,54.01,50.95,80.6,109.68,111.17,99.0,,24.09,86.24,58.36,463.2,44.48,26.36,20.38,39.37,32.42,79.22,31.32,15.29,52.16,34.28,23.13,76.06,132.18,158.65,127.7,324.23,47.86,23.33,30.57,45.54,29.64,63.37,37.05,73.29,102.25,72.6,24.28,21.31,52.56,25.01,231.6,33.35,82.62,296.45,32.42,36.19,34.28,111.63,19.64,74.74,99.07,48.97,43.08,74.77,106.53,43.08,129.53,109.77,347.4,97.25,61.14,38.25,35.98,31.91,31.39,30.18,61.16,36.82,94.11,114.76,58.36,131.55,24.09,185.26,46.32,36.34,131.55,37.9,39.84,40.98,2779.2,,,,1544.41,1528.56,63.63,173.38,,694.8,,694.8,,,,,,,,150.94,,,,,,,,164.18,,,,,,,,,71.18,,,,,73.8,,,100.17,263.75,,,,,,,,,,78.74,,,,134.33,,157.49,114.54,,,,,89.46,,122.14,,96.11,92.55,,41.68,,,,,,,,,,,,,,163.1,,,,,35.32,,,
2024-04-01,681.11,302.02,347.01,328.9,129.2,120.97,,800.04,312.63,155.16,193.64,105.92,,130.65,5.27,,91.47,,15.78,63.81,41.99,32.66,35.0,44.55,46.55,38.8,34.06,49.54,44.79,43.86,69.06,,,,21.75,45.52,30.13,39.77,,29.6,28.26,27.91,,19.36,26.59,24.56,4.9,116.65,55.99,,70.91,,,23.32,,,82.23,30.8,57.15,14.93,57.86,73.73,62.14,157.84,122.24,103.39,26.71,169.22,141.56,140.45,37.45,40.25,36.14,103.21,39.26,46.29,32.66,48.53,44.27,46.19,51.77,81.19,106.06,121.32,97.99,127.84,31.73,97.98,59.73,465.67,45.75,22.86,18.47,37.8,36.12,80.13,27.04,16.32,47.61,26.38,22.4,81.69,124.35,154.47,127.49,298.62,47.61,21.46,30.8,46.06,30.8,63.83,39.27,70.69,103.0,73.8,26.57,19.93,44.09,20.73,264.67,32.69,83.67,303.25,32.66,41.99,34.53,119.46,19.79,75.5,101.79,53.24,39.89,74.66,118.98,54.59,123.65,117.31,382.61,101.25,53.32,38.19,35.62,34.98,30.8,26.83,57.48,37.32,86.99,121.3,55.06,129.72,28.85,176.78,46.66,37.32,119.11,36.18,40.13,46.86,2799.63,978.17,,,1357.46,1073.66,64.1,174.65,,577.03,,699.91,,,,,,,,152.05,191.38,,,,,,,165.38,,,,,,,,,76.33,,,,,74.34,,,100.91,251.83,,,,,,,,,,79.32,,,,135.32,,158.65,,,768.83,,,90.39,,96.98,,96.82,83.03,,41.99,,,,184.1,,,19.13,,,,,,,97.08,,,,,24.26,,,
2024-05-01,853.68,372.94,388.08,350.7,157.9,133.82,,872.14,302.25,204.06,274.12,101.52,,152.28,5.35,,110.76,,11.31,64.59,44.91,35.99,41.38,41.53,54.68,46.34,45.22,50.23,51.01,39.26,85.3,,,,24.45,50.46,46.15,46.84,,28.61,26.76,32.85,,18.69,30.65,30.87,4.97,89.29,57.68,,59.99,,,27.69,,,64.89,41.53,81.9,14.02,76.14,91.83,87.86,151.54,155.29,124.62,39.09,219.42,163.81,193.81,41.53,41.46,49.83,133.82,45.91,42.53,28.15,47.99,44.8,57.74,56.63,77.77,107.63,134.07,113.61,125.51,31.38,134.77,56.13,420.16,46.15,23.47,19.49,37.38,27.69,78.45,28.15,16.38,44.3,31.41,22.31,83.25,132.9,153.18,156.88,302.71,47.69,22.36,24.03,44.69,30.46,63.13,41.52,79.93,115.66,62.76,25.95,18.46,70.2,21.0,264.11,34.84,80.15,317.37,32.3,41.46,34.15,111.67,19.57,73.5,98.4,58.77,39.76,69.45,117.75,53.99,122.28,116.77,362.22,90.08,57.22,43.64,41.53,34.71,33.22,30.81,62.96,45.68,89.52,122.7,54.45,121.82,24.0,166.12,46.04,32.58,122.05,35.78,39.92,38.53,2768.7,1040.05,,736.01,1600.5,1061.8,,153.83,,449.13,,692.18,,,,,,,,,191.96,,,,42.45,,,195.22,,,,,,,,,75.48,,,,,73.52,,,91.37,249.04,,,,,,,,79.37,,78.45,,64.14,,149.97,,170.74,,,777.9,43.04,,88.88,,95.91,,95.75,85.32,51.68,41.52,,,,262.03,,98.11,18.92,,,,,,,96.01,,,84.93,,28.75,,,
2024-06-01,784.43,384.34,366.35,314.18,151.49,141.01,183.97,977.69,298.36,187.94,317.1,102.72,,146.38,5.42,,112.06,,7.94,63.03,42.49,35.78,41.09,45.97,55.3,47.32,63.03,48.56,55.89,51.36,90.45,67.94,,70.04,26.01,50.88,41.63,47.63,,29.65,25.84,39.54,,22.65,28.02,32.68,25.01,82.64,57.9,134.38,87.78,,10.85,26.14,,,48.33,31.28,74.71,15.54,79.26,104.34,88.71,151.16,157.38,116.46,39.22,226.46,178.53,205.44,38.85,44.81,43.79,126.95,53.7,40.66,28.53,48.56,46.11,56.03,60.49,77.4,121.39,167.62,140.61,127.0,44.82,139.38,56.03,423.49,46.69,26.66,19.38,35.75,28.02,78.96,29.43,13.62,58.33,28.71,19.38,60.69,141.31,177.77,137.21,301.16,51.59,22.88,28.96,52.34,30.82,63.87,43.22,85.83,130.74,79.38,23.35,18.68,72.86,28.95,267.75,38.47,79.38,321.24,36.01,41.95,34.55,110.66,19.84,73.07,102.95,55.81,40.08,74.71,140.94,47.63,107.11,133.07,345.52,93.38,52.5,46.49,36.15,28.02,37.99,23.81,63.71,44.36,90.58,102.72,54.16,116.15,26.14,166.86,46.06,32.96,128.82,36.42,40.37,47.68,2939.66,1052.38,,744.74,1237.56,1074.38,,154.08,,456.14,,700.38,,,,,,,,,194.24,,242.8,,42.96,,,186.76,,,,,,,,,60.31,,,,,102.24,,,92.45,,,,,,,,,80.31,,79.38,,64.9,,151.75,,172.76,,,787.12,69.06,,89.93,,97.04,,96.89,86.33,60.97,42.01,,112.5,,280.14,,99.28,16.34,,,,,,,97.15,,,87.49,,28.53,,,
2024-07-01,736.17,346.71,354.1,301.8,122.55,124.9,242.69,879.72,317.57,174.97,260.87,103.78,,143.31,5.36,,96.79,,13.47,64.71,34.58,36.97,41.14,41.6,46.23,66.51,60.79,49.46,51.35,50.85,82.16,74.89,,72.52,22.91,49.94,30.05,47.15,,32.93,32.82,33.03,,19.42,28.2,35.23,24.04,68.42,59.17,120.18,61.02,,10.75,24.08,,,34.21,29.59,74.89,13.87,71.87,84.2,82.04,152.55,129.76,98.0,34.94,229.98,174.17,206.54,38.23,35.41,38.12,126.08,44.09,51.45,32.4,48.08,42.7,50.28,56.18,71.19,108.75,137.43,157.15,124.81,40.34,121.35,55.27,389.24,56.82,24.03,17.57,36.9,31.54,88.49,26.69,14.68,48.25,30.51,25.69,52.99,125.28,175.36,129.43,295.86,50.21,22.19,32.53,50.88,28.66,63.24,39.07,87.02,129.44,63.03,26.35,20.64,80.19,29.59,277.37,36.05,91.96,365.2,35.7,42.07,41.6,102.96,19.66,71.66,101.7,55.25,36.92,80.1,140.0,47.15,97.08,132.53,369.81,89.51,55.01,46.0,39.42,25.89,32.01,28.2,64.46,44.38,91.53,113.16,53.62,117.42,24.04,165.9,46.0,34.73,115.57,40.0,36.98,46.33,2910.42,747.37,,570.23,1230.73,1063.7,113.26,152.55,,416.05,,628.69,,,,,,,,,192.31,,240.38,,,,,187.67,,,,,,38.83,,,52.7,,,,,99.22,,,91.53,166.42,,,,,,,,72.01,,78.59,,66.82,,166.42,,171.04,,,779.29,53.81,,89.03,,96.08,,95.92,85.47,60.01,41.6,,111.38,,386.0,,98.29,18.95,,,,,,,1066.93,,,83.21,,32.36,,,
2024-08-01,683.07,284.99,308.18,279.76,118.47,112.81,239.16,925.05,301.54,154.9,231.83,103.78,,121.83,6.52,,98.82,,13.85,56.34,32.72,33.52,38.75,42.61,40.61,53.02,51.44,49.64,43.32,49.64,66.78,49.64,,67.35,22.56,41.06,23.46,45.12,,30.68,27.49,34.75,,20.97,26.84,34.52,19.85,52.43,49.64,88.01,41.51,,10.44,21.44,,,34.96,27.04,74.91,13.81,67.82,77.91,72.2,135.37,119.35,94.76,37.9,204.54,167.32,191.44,38.1,34.42,38.36,119.13,32.8,48.26,31.59,54.6,40.78,45.12,55.33,69.49,117.31,124.16,139.16,121.84,42.42,104.73,58.66,381.3,40.18,26.71,17.25,36.27,29.24,73.55,27.0,13.87,47.83,30.11,24.05,40.61,126.35,182.31,148.91,300.06,53.93,27.02,31.71,42.93,28.2,61.73,40.61,85.94,128.16,60.24,25.65,19.4,73.2,24.37,267.83,36.1,88.82,329.41,36.1,40.61,40.6,102.0,26.41,66.28,92.98,53.93,38.08,76.3,120.12,46.03,92.66,126.82,326.01,92.36,47.52,45.12,37.81,23.99,30.23,24.82,56.58,42.42,87.99,101.53,46.2,108.3,26.88,182.43,44.9,38.13,111.46,37.0,36.42,49.62,2840.96,589.44,,556.62,1201.36,1038.31,154.55,148.82,,406.12,,613.69,,,,,,,,206.22,187.72,,234.65,,,185.0,,182.0,,,,,,37.9,,,51.44,,,51.41,,96.85,,,82.58,160.19,,,130.86,,,,,70.29,,76.71,,65.22,,162.45,,166.96,,34.99,831.6,52.52,,86.91,,93.79,,93.63,79.02,57.18,40.6,,108.72,,375.31,,95.94,18.5,,,,,,,1041.47,,,84.76,,31.58,,,
2024-09-01,735.02,312.44,295.44,268.52,113.03,111.91,244.65,1002.7,308.87,154.21,239.12,109.22,,110.95,6.53,,94.57,,10.48,59.75,30.84,32.9,40.68,41.54,37.59,58.19,48.77,51.03,46.36,49.24,71.62,44.75,64.75,66.47,20.59,44.4,26.65,44.76,,30.74,29.91,35.36,57.33,21.93,26.18,34.02,21.49,53.72,48.77,75.33,34.51,173.15,10.26,20.14,,17.23,31.44,26.33,63.56,16.97,65.48,76.1,64.46,130.71,113.7,90.65,35.86,192.48,160.88,183.19,40.27,35.81,34.92,118.18,37.76,49.1,35.63,54.16,44.76,51.49,56.63,73.01,113.24,121.39,144.99,120.86,41.18,108.33,58.19,386.22,40.19,22.38,17.15,34.97,40.73,89.53,29.82,14.96,46.2,32.79,24.89,40.29,125.01,180.9,163.15,344.68,52.66,23.28,30.4,44.55,34.02,61.24,43.87,85.28,143.24,71.29,23.94,20.58,68.14,24.17,260.83,39.01,82.81,326.77,34.55,40.29,40.28,106.3,26.09,65.78,91.17,50.56,38.6,76.1,122.29,45.66,108.33,133.4,326.77,89.53,47.14,43.42,37.46,23.41,34.02,26.4,54.65,38.55,91.32,109.22,44.99,104.51,26.63,181.29,43.91,39.84,108.71,36.71,36.21,44.76,2843.07,584.73,,552.17,1552.59,1030.01,153.32,134.98,,402.87,,422.93,,,,,,,,204.57,176.1,,232.77,,,124.89,,178.94,,,53.72,,,37.6,,,51.03,,,50.94,,96.08,,,74.76,158.91,,,129.81,,,,,69.73,,76.1,,64.7,,116.22,,165.63,,34.71,824.95,39.63,,86.83,,93.04,,92.88,78.09,55.87,40.28,,107.85,,368.85,,95.18,18.35,,,,,,,1033.14,,,84.08,,31.33,,,
2024-10-01,846.55,331.52,290.54,285.47,118.56,127.9,263.69,1050.09,300.7,169.27,248.64,187.86,,124.72,7.06,,95.75,,8.41,61.39,35.05,46.76,66.3,68.52,40.45,65.25,55.25,60.82,40.4,50.65,63.06,44.92,60.32,68.15,21.38,38.9,25.78,48.81,,35.55,46.92,33.2,61.3,25.91,43.52,32.23,21.18,46.04,47.43,65.82,35.0,96.23,5.53,30.41,,10.98,31.01,26.71,68.61,16.35,68.6,82.88,62.77,124.32,116.26,96.74,33.91,212.8,180.03,200.3,37.09,44.09,36.09,102.68,41.08,59.59,36.84,55.71,46.04,53.85,57.55,73.66,115.4,138.12,177.93,115.11,42.36,110.51,68.15,402.56,37.07,23.02,11.19,37.3,32.05,94.44,34.4,17.21,50.23,34.3,21.38,46.5,147.34,225.54,167.68,369.43,54.67,25.21,28.55,56.17,28.25,62.99,54.99,87.59,147.34,73.81,23.94,19.78,71.83,24.86,271.08,40.12,85.18,339.06,35.45,50.65,40.03,115.33,26.33,59.06,110.51,52.03,41.44,87.48,122.86,46.96,110.42,125.74,368.34,92.09,46.04,40.93,38.58,27.63,32.87,25.78,54.76,45.58,99.7,122.28,52.85,118.75,23.77,165.76,45.12,43.57,114.64,37.76,37.25,50.63,2588.55,607.78,,567.96,1597.0,1059.47,162.69,136.21,432.81,335.96,,435.02,,,,,,,,210.42,146.39,,239.43,22.56,,149.88,27.17,184.06,,,55.25,,,38.68,,,52.49,,,52.4,,46.04,,,76.9,,,55.25,133.53,,,,,60.35,,78.27,,66.55,,82.35,,123.45,,55.25,,40.77,,89.33,,95.7,,29.5,80.18,51.57,41.43,,110.94,62.21,382.96,,97.9,17.77,,,,,,27.15,1062.7,,,23.94,,32.23,,,
2024-11-01,1006.71,382.05,352.82,357.38,126.86,145.66,289.94,1136.04,340.81,179.15,273.19,180.94,568.0,129.69,7.26,233.35,94.46,112.31,18.93,55.68,33.74,43.55,67.02,69.81,42.6,66.86,53.55,63.71,43.42,52.07,63.43,52.04,48.07,70.06,21.76,41.18,24.16,47.33,163.17,42.35,52.06,32.42,42.84,26.02,39.89,36.21,20.83,47.33,54.93,69.68,45.44,91.54,5.68,31.95,109.88,7.84,31.13,26.9,68.43,17.95,74.73,88.4,71.48,131.19,137.27,106.05,35.17,228.86,200.45,203.36,33.86,41.65,36.18,108.86,39.15,47.81,37.1,57.27,47.33,55.85,61.54,74.65,122.71,146.98,221.39,118.34,42.6,115.0,71.0,418.62,47.19,25.67,12.38,33.61,28.89,94.66,35.16,20.35,52.33,37.87,23.67,53.02,166.36,222.47,182.8,407.01,60.17,24.68,29.18,53.37,32.26,64.75,55.5,84.86,182.94,76.73,24.14,23.28,74.25,32.35,284.01,44.26,98.02,394.14,36.5,52.06,41.12,114.08,27.0,66.08,111.24,56.57,44.47,84.26,150.34,48.28,113.46,126.91,385.54,98.32,52.78,47.33,39.67,27.45,33.53,25.87,56.79,44.97,94.67,114.13,50.5,127.72,25.35,189.33,46.21,48.43,126.85,42.56,38.42,52.49,2522.67,617.66,,539.62,1400.19,1089.18,168.14,139.65,444.95,341.44,,435.5,,,,,,,,216.32,150.5,,246.14,23.19,,147.82,29.35,189.33,,,56.8,,47.33,39.76,,,48.94,,,54.08,,43.55,,,79.81,,,56.8,137.27,,,,,61.13,,80.47,,68.42,,84.65,,126.91,,56.8,,41.91,,91.34,,98.38,,30.33,87.37,53.02,42.59,,114.05,63.96,518.79,,100.64,17.88,,,,,,38.81,30.29,,,24.61,,26.03,,,
2024-12-01,1156.02,441.82,418.02,427.72,155.68,214.06,299.94,1320.21,378.61,204.21,273.18,194.98,389.19,135.37,7.37,195.08,117.42,134.01,19.22,68.49,38.2,48.32,65.35,67.4,40.47,72.06,67.22,76.87,43.72,42.79,89.2,62.45,51.89,71.11,23.78,45.16,25.95,45.02,144.15,40.36,46.43,37.43,44.44,24.99,42.06,38.19,13.69,63.81,62.46,75.92,52.85,95.14,5.77,33.29,81.68,13.93,36.75,33.62,72.06,21.86,84.57,110.2,84.86,165.77,152.55,117.4,35.88,266.58,225.83,219.1,45.39,43.24,40.6,121.52,40.65,52.86,38.6,80.97,43.24,57.66,62.46,75.98,116.12,177.63,223.8,120.12,38.44,130.32,71.11,456.67,51.55,28.35,14.1,36.1,33.39,108.11,36.52,19.22,55.73,35.56,28.82,53.4,191.91,220.88,175.75,432.44,61.13,31.14,29.83,57.66,31.37,65.73,69.42,93.19,215.0,63.55,26.14,20.45,82.91,35.56,329.69,52.37,93.22,387.78,33.63,59.87,38.9,110.0,24.45,57.67,118.92,61.79,49.57,93.58,179.1,65.64,151.12,127.33,394.0,99.48,49.49,44.69,41.03,38.43,37.47,28.82,52.61,48.04,95.59,114.12,56.14,144.14,24.99,208.62,50.56,52.85,144.15,41.29,38.88,64.59,2589.11,626.97,,356.51,1418.73,1105.6,170.37,141.75,451.66,346.94,,443.59,,,,,,,,219.58,152.77,,249.85,23.54,,146.11,29.79,188.26,,,57.66,,,40.36,48.89,27.87,49.52,,,54.71,,44.12,,,81.17,127.33,,199.4,139.34,,,,,62.04,,81.68,,69.45,,113.38,,134.2,,57.66,,42.54,,92.55,,99.86,,30.79,61.87,53.81,43.23,,115.77,64.69,531.42,,102.16,19.7,,,,,,39.4,30.75,,,24.99,,26.43,,,
2025-01-01,1451.48,484.74,558.72,577.05,176.13,259.42,328.78,1321.27,406.51,288.31,318.02,250.07,413.57,143.55,7.38,202.46,134.8,126.23,19.24,76.93,63.41,58.92,73.41,76.6,45.98,72.12,81.6,96.18,54.02,47.13,113.01,98.57,75.41,73.18,29.76,48.37,39.43,49.99,111.34,44.49,51.13,35.99,60.78,32.94,43.28,49.05,17.3,67.17,62.1,80.26,59.97,69.73,5.77,38.89,84.12,15.87,38.93,53.86,98.83,24.04,108.73,148.72,114.6,199.57,193.4,173.11,37.99,336.63,267.58,244.0,48.57,43.27,49.05,134.41,47.1,53.99,40.18,103.39,43.28,57.71,62.52,75.5,140.63,217.9,263.02,133.83,39.08,156.77,83.68,483.66,65.95,30.06,15.87,39.27,36.55,100.29,41.84,19.23,66.88,40.4,28.41,63.33,209.32,236.42,206.78,484.04,65.09,38.45,32.41,64.44,32.51,65.79,79.83,96.15,258.97,65.42,28.82,24.04,93.29,39.91,367.17,54.66,106.39,564.19,46.41,60.0,39.0,104.11,24.47,54.81,122.42,76.94,57.7,91.81,155.99,80.78,136.7,139.46,397.2,98.88,52.9,62.67,40.33,39.85,45.17,29.33,56.19,49.88,111.15,121.73,54.47,120.12,28.86,219.03,48.17,56.41,153.89,42.28,43.38,72.07,2634.08,627.5,,430.93,1400.34,1106.54,171.88,141.38,452.04,322.2,,444.93,,,,,,,,219.77,120.53,,250.07,23.56,,134.65,29.82,192.35,,,57.71,,48.08,40.4,48.51,27.89,49.56,,,54.74,,42.97,,,81.38,127.44,,199.57,139.46,,,,,62.09,,81.75,,69.51,,122.48,,138.79,,57.71,,42.58,,92.63,,99.95,,48.08,32.44,53.86,43.27,,115.87,64.74,531.87,,102.25,19.72,,,,,,39.43,30.78,,,25.01,,27.46,,,
2025-02-01,1508.03,596.46,583.02,644.53,194.5,260.7,335.01,1447.59,432.9,309.28,305.43,255.24,385.61,157.29,9.32,208.48,136.04,126.78,26.94,84.17,68.34,62.43,79.36,85.62,56.07,79.12,104.14,91.39,57.72,47.14,113.03,85.61,75.8,85.03,28.35,54.33,42.47,45.07,104.62,53.18,62.54,44.52,66.38,39.44,47.14,54.77,10.64,63.49,67.34,84.16,67.33,64.27,5.77,46.42,83.69,13.77,50.38,68.96,101.2,26.59,115.43,171.76,121.35,226.37,214.04,177.95,44.66,336.69,315.05,274.17,50.49,41.3,72.0,137.81,57.72,67.33,41.63,103.95,43.29,57.72,72.15,75.52,137.31,218.9,273.81,147.47,45.44,190.22,83.69,445.31,86.57,30.06,15.87,39.28,38.33,108.23,41.13,21.95,86.89,48.88,29.82,63.96,203.26,264.06,221.25,624.03,67.24,91.3,41.54,64.37,31.64,65.8,73.11,115.13,256.46,61.34,26.47,28.26,109.3,39.92,365.56,50.0,121.51,641.18,46.42,60.01,56.97,122.7,22.61,63.15,127.38,77.88,58.63,93.56,155.5,80.8,164.55,191.53,411.14,107.2,54.17,51.63,65.28,47.89,52.91,42.96,65.47,48.85,147.67,139.62,66.37,163.54,32.68,287.22,55.25,67.34,187.59,47.14,48.87,68.24,2649.14,634.91,,500.57,1417.74,1107.13,159.37,132.75,452.14,291.0,,422.45,,,,,,,,149.7,120.56,,250.12,23.57,,131.79,43.29,223.7,,,57.72,182.78,48.09,66.64,48.52,17.56,54.83,,,38.47,,43.33,,,81.49,27.9,,199.61,139.49,,,,,48.1,67.34,81.77,,69.52,,65.28,,138.95,,69.78,19.24,44.21,,71.05,,70.23,,49.05,21.64,43.29,43.28,15.87,115.89,25.86,531.98,,61.33,19.72,,,,,,39.44,30.78,,,20.13,,26.69,,,28.86
2025-03-01,1337.78,577.84,586.56,575.35,187.09,230.97,309.5,1745.4,408.82,282.8,315.2,245.29,365.86,166.26,8.95,179.84,135.25,113.18,25.87,67.44,58.31,57.68,73.91,78.45,59.96,73.87,94.23,83.15,53.33,36.54,100.81,72.06,60.21,81.99,27.72,54.48,45.12,46.71,73.81,53.49,56.84,58.35,59.55,38.6,47.53,51.74,9.73,60.02,53.45,78.53,64.65,59.13,8.08,42.3,61.9,11.96,52.79,57.28,103.21,27.98,109.94,187.52,118.72,204.55,201.87,169.3,38.34,327.65,316.6,270.7,44.46,40.65,73.9,153.35,62.82,63.96,44.69,125.35,51.14,60.98,106.45,74.48,172.66,245.56,296.98,141.63,55.43,182.75,67.61,427.79,83.14,32.34,18.62,41.91,36.88,107.11,48.94,20.62,101.12,64.99,32.26,70.21,299.52,247.98,210.09,783.96,65.09,80.63,37.88,73.91,52.71,75.57,79.92,129.33,268.73,88.99,27.47,27.71,117.3,41.57,393.13,50.35,135.35,743.06,54.29,49.12,58.49,124.71,25.97,65.76,122.33,64.87,60.05,93.94,172.47,77.6,172.77,234.85,457.32,110.87,53.51,51.41,38.79,48.04,59.68,54.88,66.68,61.3,163.53,189.12,67.72,167.8,36.95,296.89,58.2,59.13,182.75,44.34,55.14,71.27,2553.45,603.4,,480.23,1363.64,1063.13,153.06,129.34,434.22,291.41,,397.04,,,,,,,,152.43,121.99,157.06,240.21,22.64,,120.25,41.41,184.77,,,55.43,175.54,46.18,64.66,46.6,16.86,45.65,,,25.4,,41.61,,,25.2,26.79,,191.71,64.04,,,,,37.35,69.29,78.53,,66.77,,61.2,,115.48,,60.97,18.48,42.81,,46.71,,63.75,,55.43,20.22,34.26,41.57,15.24,111.3,25.44,510.91,,62.02,18.18,,,,,,37.88,60.98,,,18.94,,32.33,,,27.72
2025-04-01,1219.69,543.66,526.81,532.74,166.6,190.49,276.6,1652.49,424.09,259.32,313.89,184.53,309.06,152.34,10.98,173.85,127.3,96.14,17.34,75.75,56.49,45.45,63.22,64.1,58.5,70.23,75.51,70.24,50.72,35.79,81.16,57.95,53.13,83.75,29.66,51.71,43.08,45.4,72.44,40.92,46.76,68.04,48.73,32.92,37.32,40.39,14.94,53.8,54.4,65.85,55.84,51.68,7.68,36.0,51.8,7.33,49.38,45.89,90.08,25.22,105.35,151.42,112.05,196.71,198.65,175.59,39.5,312.75,306.87,257.26,44.65,36.38,63.61,139.73,60.82,79.02,46.1,147.59,54.44,60.91,163.38,119.9,172.68,298.53,310.16,134.6,47.51,175.6,72.88,413.11,79.01,32.05,22.45,46.52,34.24,100.09,43.89,19.36,103.83,74.63,29.85,66.73,299.26,269.15,189.67,803.35,61.37,67.84,44.78,109.75,53.16,71.62,87.99,120.59,330.1,80.67,28.97,34.77,149.26,42.14,393.75,55.77,125.59,798.2,63.04,69.15,55.17,118.53,38.63,67.64,149.26,56.36,65.17,93.73,180.54,73.75,173.95,221.63,472.4,114.27,48.29,43.73,35.88,50.78,80.4,54.88,66.22,70.22,164.19,165.51,64.64,175.6,41.6,282.86,60.79,56.19,204.57,40.39,57.07,68.34,2467.99,579.45,,456.88,1304.55,1010.35,134.15,168.58,412.67,265.42,,374.82,,,,,,,,144.86,108.02,149.26,228.28,21.51,,120.29,38.42,196.79,,,52.68,166.82,43.89,61.45,44.29,14.1,37.17,,,24.14,,39.55,,,34.73,25.46,,434.55,60.86,,,,,36.98,61.46,74.63,,62.65,,58.16,,109.74,,56.68,17.56,40.61,,43.98,,60.58,,52.68,19.76,37.84,39.5,14.49,105.77,23.93,482.03,,59.35,16.65,,,,,,36.0,69.36,,,18.0,,30.72,,,26.34
2025-05-01,1318.28,565.98,509.74,527.31,169.3,187.34,257.05,1933.49,405.59,258.71,303.14,181.7,253.11,160.07,11.86,165.23,118.01,89.64,17.58,87.86,49.39,46.66,56.04,61.47,61.96,65.01,69.43,65.91,45.68,36.03,74.61,44.82,51.81,70.75,33.29,52.72,37.79,45.25,59.32,37.79,41.41,61.39,43.5,28.06,37.35,43.93,10.11,51.85,52.69,67.67,42.99,40.52,7.69,33.92,50.97,9.63,48.34,38.01,91.4,21.96,105.44,138.52,107.66,206.19,202.36,174.86,39.11,297.79,289.58,253.11,44.82,37.3,64.1,135.48,56.76,67.14,49.7,147.67,54.49,66.94,138.42,134.02,242.6,312.53,395.49,134.73,43.94,164.35,71.19,424.8,79.09,31.64,19.96,49.97,33.4,105.42,44.22,19.99,128.3,74.7,33.83,66.79,372.2,254.4,192.96,904.77,74.17,57.5,55.37,123.04,53.17,71.68,91.4,210.44,511.16,73.48,32.74,37.75,184.82,58.45,527.27,64.16,126.12,834.92,61.31,98.18,54.93,123.15,38.67,59.74,163.01,55.39,61.51,91.57,174.67,73.82,157.36,253.88,490.02,145.01,56.99,45.27,36.03,53.92,81.03,63.61,70.73,74.1,175.77,177.57,71.02,175.77,41.64,309.48,62.4,69.08,230.87,40.43,60.54,68.28,2460.8,580.05,,513.25,878.86,1011.32,131.07,168.74,413.06,268.05,,338.36,,,,,,,,145.0,105.88,149.41,228.5,21.53,,120.4,38.85,218.57,,,52.73,166.98,43.93,61.51,44.33,16.04,43.06,,,24.16,,58.39,,,33.28,63.23,,378.16,52.72,,,,,37.35,61.52,74.7,,63.51,,59.6,,109.85,,56.53,25.98,38.9,,44.02,,60.64,,52.73,19.77,46.99,39.54,14.5,105.88,24.0,481.61,,48.01,16.58,,,32.52,,,36.03,87.89,,,18.02,,30.75,,,26.37
2025-06-01,1278.62,526.99,488.79,530.8,155.62,213.17,245.6,2115.62,401.48,236.62,286.31,168.48,230.73,139.79,10.22,160.31,107.44,90.39,17.05,85.27,45.43,43.49,51.16,53.31,50.36,66.03,61.82,62.25,41.14,35.25,63.53,43.6,46.88,73.76,32.3,50.3,37.09,47.54,50.31,35.4,38.49,52.87,37.63,21.32,33.15,41.78,8.52,42.63,47.89,56.09,42.22,47.75,7.46,27.77,40.03,8.17,40.08,36.65,89.73,18.92,84.39,136.0,102.32,203.98,208.6,174.8,40.14,287.44,254.48,239.57,42.47,35.57,60.24,110.0,47.75,67.36,44.34,146.02,93.11,96.65,169.69,130.7,243.07,330.39,417.78,130.72,44.54,150.09,74.18,424.22,84.42,26.39,22.05,38.8,32.4,93.16,44.77,18.49,119.34,76.74,33.68,76.43,383.71,287.38,281.3,959.28,85.71,49.79,48.31,154.76,56.94,69.55,115.11,239.37,485.04,72.03,40.08,36.8,213.17,64.75,639.52,75.09,139.98,833.6,78.99,95.17,54.36,127.9,37.52,54.13,204.65,50.28,72.45,104.22,189.73,133.57,172.1,255.81,520.68,136.38,74.07,43.92,34.96,54.79,90.65,67.78,96.92,77.86,200.38,212.79,84.05,216.99,44.98,336.2,77.81,66.2,213.17,39.22,59.33,85.26,2387.55,573.44,,468.98,852.7,981.22,139.67,163.72,400.77,260.07,,336.57,213.17,,,141.12,,,,140.69,103.76,144.96,221.7,20.89,,106.57,36.97,194.58,,,51.16,221.23,42.63,59.68,43.01,14.36,39.68,,,22.55,,58.8,,,27.8,61.35,,365.54,51.15,,,,,48.13,59.69,72.48,,61.62,,57.86,,106.58,,54.72,17.7,37.74,,49.03,,57.98,,51.16,19.19,52.87,38.36,14.07,102.72,23.34,471.54,,46.58,19.95,,,31.55,,,34.96,85.27,,,17.48,,29.84,,,25.58
2025-07-01,1252.28,550.67,478.1,584.03,175.2,247.05,239.69,2474.71,438.02,279.53,292.38,175.21,218.14,146.96,10.1,126.56,107.59,78.73,18.18,71.43,48.18,47.53,55.19,58.88,48.84,67.66,70.08,63.01,52.84,36.22,66.14,50.06,48.18,71.4,32.85,42.19,39.2,48.47,51.69,36.03,41.99,61.93,41.61,24.7,35.04,38.98,11.39,44.68,48.17,57.42,36.79,34.76,7.67,28.47,42.93,7.36,35.55,40.74,86.82,21.61,86.94,131.41,104.43,192.73,206.31,181.5,39.42,291.28,259.31,233.91,43.21,36.52,59.44,119.02,52.55,89.48,55.04,150.02,158.39,127.93,224.51,171.21,271.57,373.53,438.02,196.72,49.06,158.78,76.22,492.35,98.63,35.37,22.78,39.86,36.46,100.75,49.06,18.29,151.12,87.6,40.83,84.1,411.28,344.03,280.36,1128.94,101.41,52.55,45.12,164.36,78.71,319.76,118.27,330.0,611.3,71.98,45.07,46.88,262.81,71.62,854.15,70.96,297.99,1179.2,82.06,127.49,42.54,118.98,37.67,56.35,202.43,59.21,80.3,116.51,269.99,137.32,196.67,262.81,534.39,150.02,78.84,45.55,36.79,65.69,107.32,77.96,116.83,88.65,266.06,273.32,88.12,307.92,51.48,329.39,95.17,76.18,219.01,55.19,61.32,103.81,2452.93,591.33,481.83,511.61,807.99,1008.09,149.1,168.2,411.74,267.19,,344.92,219.01,,,143.68,,162.07,144.54,,119.77,148.93,227.77,21.46,,109.49,43.8,198.74,,,52.56,223.02,43.79,61.32,44.19,15.1,40.01,,,25.83,,60.53,46.86,,28.56,63.03,,328.52,52.55,,,,,49.44,61.32,74.46,,63.31,,59.44,,109.5,,56.13,17.97,38.77,,48.89,,52.56,,52.56,19.71,54.31,39.41,14.45,105.54,22.79,484.45,,41.17,20.41,,,32.41,,,35.92,66.2,,87.6,17.96,,30.65,,35.04,26.28
2025-08-01,1283.8,599.16,528.56,599.16,200.0,281.97,249.76,2695.63,432.46,331.68,284.43,207.17,232.82,141.23,10.64,143.8,118.2,74.47,18.69,69.33,51.35,53.07,61.35,65.05,47.27,66.33,71.16,89.87,47.76,35.09,64.2,43.65,53.07,71.91,32.53,40.23,40.97,43.23,45.37,39.93,43.58,57.35,42.33,28.91,35.95,38.78,15.06,37.02,52.72,54.78,38.52,33.17,7.49,33.07,32.61,10.27,35.52,42.8,77.89,18.42,81.31,127.32,105.08,201.44,250.52,183.17,39.37,270.45,248.22,227.31,44.9,40.54,56.23,126.25,44.51,103.7,55.35,146.58,161.23,135.42,231.11,188.31,298.6,523.36,552.94,194.73,49.97,152.44,74.47,504.08,102.41,39.06,22.25,39.36,35.13,104.41,59.46,18.44,188.48,111.9,47.98,69.33,487.96,337.24,344.09,1373.53,94.4,53.52,44.51,170.06,131.34,316.7,440.28,343.64,728.63,71.9,52.64,46.01,306.0,69.97,811.01,111.23,295.39,1173.13,79.78,149.52,41.73,131.41,36.81,55.04,213.99,72.49,84.4,111.49,302.62,134.17,199.01,243.75,470.77,154.93,62.48,44.51,60.96,72.46,126.22,79.62,117.69,93.58,291.35,314.07,99.66,316.7,51.36,316.41,102.23,76.81,227.72,53.92,59.92,96.16,2396.64,577.76,470.77,499.87,789.45,984.95,493.02,156.64,402.29,261.6,,338.49,213.99,,,141.62,,158.35,141.22,,118.66,145.51,222.55,20.97,,117.26,42.8,212.87,42.8,,51.36,214.94,42.79,59.91,43.17,14.95,43.05,,,25.24,,59.14,45.78,,27.9,61.59,,38.52,51.21,,,,,48.31,59.92,72.76,,61.86,,59.69,,76.09,,63.9,21.43,37.88,,46.22,,52.85,,51.36,28.28,60.55,38.51,14.12,103.12,22.27,473.34,,40.86,19.94,40.19,,31.67,,,35.09,64.93,,55.64,12.8,,29.95,,34.24,25.68
2025-09-01,1474.86,614.05,588.08,648.6,276.58,309.62,304.84,2852.6,512.85,414.1,297.66,283.69,274.52,189.23,10.65,152.57,127.84,81.16,19.76,79.39,77.06,88.68,72.27,81.22,56.24,52.19,85.23,116.6,61.27,35.08,70.93,56.68,73.84,76.71,31.11,48.09,53.25,49.42,51.56,60.19,53.21,65.92,54.75,45.45,42.61,59.66,13.47,38.31,69.74,58.38,39.64,38.01,7.46,38.35,38.34,10.23,48.43,62.65,102.25,18.33,100.14,142.76,106.54,346.64,400.58,291.76,51.51,261.27,272.74,247.94,45.1,41.28,68.18,136.19,57.1,161.94,57.12,410.66,178.0,151.28,248.17,244.61,335.32,551.52,584.25,193.9,52.09,197.69,68.17,561.57,93.92,56.04,25.99,50.36,40.48,106.54,68.18,17.05,187.51,101.74,53.51,85.22,529.64,426.15,400.11,1649.0,112.93,57.27,44.32,214.78,198.21,357.37,689.49,390.78,1065.86,71.59,61.12,53.46,317.91,111.59,852.3,132.84,380.31,1195.24,93.75,176.43,41.55,115.06,35.8,57.1,192.82,112.91,102.01,135.95,298.3,132.43,198.16,238.91,469.19,152.99,68.18,52.67,61.79,106.53,128.91,96.52,121.88,100.12,275.83,321.8,141.69,392.06,76.71,331.17,115.91,91.62,202.16,62.69,75.97,85.23,2556.46,588.08,468.76,497.74,763.65,983.55,496.04,155.97,400.58,255.69,166.2,342.28,213.07,,,144.26,,157.67,120.39,,118.25,144.89,221.6,20.88,,116.76,42.61,191.02,42.61,,87.79,211.84,42.61,59.65,42.99,14.99,42.64,,,25.13,,58.68,45.59,,46.88,61.32,,30.58,58.44,,,,,48.1,59.66,72.45,,61.6,,57.95,,75.77,,63.91,20.78,37.72,,72.16,,51.14,,51.14,37.99,60.32,38.34,14.06,102.68,22.18,471.32,28.98,40.25,19.86,40.02,,31.53,,42.61,34.94,65.97,,55.4,12.21,,29.82,25.56,34.09,25.57
2025-10-01,1605.23,668.12,613.79,757.37,269.42,326.9,291.98,2870.32,477.23,405.21,324.86,255.41,275.71,187.97,10.3,151.79,146.0,87.19,22.34,90.18,70.81,75.6,76.36,78.58,57.7,53.37,87.02,91.32,62.39,45.51,69.42,58.49,73.75,82.22,31.13,60.39,52.5,48.33,57.66,53.88,59.01,62.67,59.81,46.24,49.16,69.42,15.65,45.99,68.98,59.52,40.95,39.48,7.59,40.35,34.71,10.41,48.59,65.92,117.14,21.69,105.88,152.47,122.2,376.94,388.68,303.69,48.59,284.8,300.99,246.95,43.65,47.27,73.75,142.22,57.27,143.6,64.83,518.01,185.34,159.49,251.15,260.31,370.94,557.82,688.22,206.08,48.55,225.59,73.75,569.84,87.85,51.63,30.52,68.13,46.52,109.99,70.28,20.82,171.37,92.9,56.4,172.67,572.68,390.46,360.08,1682.28,113.17,52.88,45.07,213.44,216.92,375.22,694.16,381.35,1076.44,72.89,57.07,48.16,318.87,110.63,867.69,125.6,390.31,1225.62,99.02,178.68,42.3,118.03,32.97,62.47,189.51,84.94,122.56,172.06,322.66,201.74,201.74,238.62,505.08,156.13,71.76,62.36,63.37,120.83,128.8,97.38,124.08,108.46,250.74,308.16,144.14,366.51,78.53,326.92,117.66,94.27,242.95,66.38,93.28,87.16,2637.23,859.02,477.23,506.73,694.09,1001.32,505.87,157.92,407.82,260.31,152.43,347.09,216.92,,,253.37,,160.52,122.56,,120.39,147.51,225.6,21.26,,118.87,43.38,215.8,43.38,,89.37,179.31,43.38,60.73,43.77,15.34,44.56,,,30.37,,51.43,46.41,,53.57,62.43,,124.08,47.71,,,,,48.97,60.74,73.75,,62.71,,58.89,,69.41,,65.06,20.72,38.4,,71.44,,52.06,,52.06,36.94,69.55,39.04,13.21,104.53,22.58,479.83,29.5,41.46,20.22,40.74,,32.1,,43.38,35.58,67.22,,56.4,12.25,,30.36,26.02,34.71,38.17
2025-11-01,1638.03,610.65,563.89,681.08,222.21,269.41,279.33,2671.64,426.75,329.99,331.05,224.15,247.86,174.11,10.79,145.7,141.45,86.2,22.63,78.94,61.88,64.66,68.62,74.45,58.62,55.6,76.58,83.19,57.33,41.38,64.64,55.5,65.7,84.74,31.09,47.42,51.05,49.5,59.24,46.55,51.99,60.96,51.18,37.37,47.41,62.82,18.97,42.77,77.24,57.76,36.63,34.05,8.3,40.82,32.35,9.91,49.4,53.45,105.18,21.97,94.83,131.47,120.7,303.15,325.55,254.33,46.99,291.21,290.91,224.15,44.78,52.63,68.63,130.92,53.99,128.48,69.78,310.36,184.86,174.58,199.34,253.01,394.42,501.72,607.36,215.52,50.39,202.62,75.0,555.44,90.52,38.8,37.15,68.97,43.1,103.31,62.93,22.42,132.22,68.5,54.05,163.79,483.59,360.37,497.81,1280.34,113.15,48.3,44.36,206.91,151.3,372.81,689.7,387.77,870.51,71.13,50.24,44.21,243.46,84.28,771.6,114.8,307.78,1149.6,105.61,158.63,35.55,107.76,32.27,68.97,193.98,87.94,112.08,150.49,310.36,168.51,205.87,215.19,422.87,158.63,76.71,75.0,67.19,95.91,121.66,80.82,120.7,93.2,227.83,295.76,132.77,334.07,75.44,293.72,116.39,98.71,241.39,62.4,94.68,94.82,3013.11,853.5,474.17,544.16,689.63,994.89,502.62,156.91,405.2,258.64,180.18,350.0,215.53,,,251.74,,159.49,121.77,,119.62,146.56,224.15,21.12,,116.99,43.11,185.36,43.11,,88.8,172.42,43.1,60.34,43.49,25.0,42.62,,,30.17,,45.21,46.11,,40.96,62.03,,123.28,47.4,,,,28.41,48.66,60.35,73.28,,62.31,,53.45,,68.96,,64.64,17.67,38.16,27.93,44.18,,58.62,,51.73,42.98,79.49,38.79,14.22,103.86,22.43,476.75,29.31,56.61,21.54,40.48,,31.9,,43.1,30.23,69.83,,56.04,12.23,31.04,25.86,25.86,34.48,37.92
2025-12-01,1389.04,570.51,512.22,578.91,229.01,253.27,238.61,2501.25,392.47,315.22,326.91,202.83,223.08,155.62,12.77,141.32,122.97,77.47,18.06,92.37,62.93,61.01,63.99,69.21,51.08,44.81,71.09,79.17,56.12,40.01,55.98,55.47,59.59,80.88,29.69,43.56,48.34,50.87,53.86,42.21,55.99,54.71,48.43,37.08,47.75,58.74,17.03,38.31,64.7,54.49,37.46,27.53,8.2,35.76,32.35,10.39,35.8,49.78,97.21,21.69,86.84,131.11,114.93,269.66,292.44,215.88,53.62,270.73,283.1,201.95,41.97,46.82,64.53,121.84,45.09,156.22,60.95,306.48,99.61,153.24,203.33,266.04,387.36,486.06,433.89,212.83,55.45,187.29,67.26,485.26,88.96,38.31,26.46,52.78,40.44,108.33,50.59,21.27,125.4,68.11,49.84,155.5,432.28,339.69,382.25,989.68,111.48,47.03,55.49,203.08,137.49,381.81,530.78,330.04,742.79,75.45,37.17,35.03,263.01,54.44,719.54,113.08,293.5,1029.65,101.31,166.86,36.18,102.4,32.18,74.74,171.82,77.47,103.22,121.65,265.29,130.68,195.81,188.72,374.59,154.94,85.09,60.53,66.4,89.39,96.29,67.86,105.34,95.06,234.12,293.71,124.51,321.37,74.49,283.92,117.48,72.36,236.45,61.08,93.49,91.52,2975.43,766.21,468.24,511.49,681.0,982.45,1398.95,154.94,400.13,440.14,177.93,346.34,335.9,,,248.59,,157.5,130.87,419.71,118.12,144.73,221.35,20.86,131.96,122.59,42.56,198.91,42.57,,98.33,224.46,42.56,59.59,42.94,22.44,42.46,,,29.8,,47.84,45.54,,40.55,61.25,,121.74,46.81,,161.75,,28.05,76.62,59.59,70.66,,61.53,,52.78,,68.1,,101.51,39.12,37.68,39.33,51.04,,72.07,85.09,51.08,44.31,85.13,38.3,14.05,102.56,22.15,470.79,28.95,51.6,21.27,39.97,,31.5,,42.56,30.09,68.96,25.77,55.34,12.28,30.65,25.54,25.53,34.05,37.45
2026-01-01,1552.94,607.39,548.34,662.22,222.7,273.33,243.48,2699.96,438.67,329.45,288.46,215.12,228.98,149.23,11.39,122.32,128.44,70.55,22.04,94.42,60.74,62.2,65.32,75.92,50.62,45.69,77.61,83.52,60.8,37.96,64.11,55.68,67.15,75.92,28.89,44.17,42.92,52.48,58.82,48.97,59.05,59.69,53.81,42.18,49.01,55.22,20.88,34.59,74.09,50.41,34.9,31.12,7.38,40.49,32.57,10.12,35.8,56.94,94.48,21.87,87.52,135.85,113.89,274.41,307.17,217.51,47.2,251.39,260.99,213.01,49.06,51.46,58.17,123.81,51.46,140.04,56.56,251.87,105.87,149.74,189.49,238.17,356.38,514.6,463.98,210.89,53.15,174.42,60.74,516.48,104.89,42.63,29.53,60.42,38.79,120.64,53.98,21.93,118.02,57.71,58.23,89.84,414.63,368.87,400.06,843.6,110.72,52.67,55.64,206.68,159.44,378.47,379.62,337.44,833.34,73.92,43.18,37.77,251.18,60.06,775.31,111.78,271.22,1097.28,91.32,160.28,35.85,105.45,32.06,64.65,170.83,74.17,103.34,151.85,288.49,128.65,195.35,179.95,425.72,147.63,82.1,74.66,79.7,92.36,89.08,71.71,101.23,95.75,253.08,253.08,124.99,280.82,73.82,280.61,121.45,81.71,248.86,60.53,77.66,91.11,2554.04,759.24,1458.59,506.15,674.82,973.52,2109.01,153.54,396.49,563.88,179.86,343.2,325.23,,,246.33,,156.07,131.14,415.9,117.05,143.41,219.34,20.67,130.76,121.48,42.17,210.19,42.18,,76.66,272.84,42.17,59.04,42.55,21.9,70.33,,75.89,29.53,103.76,48.74,45.12,,40.97,60.7,,120.64,52.96,,160.28,,27.8,75.92,59.05,67.67,168.72,60.97,,52.3,,74.97,,88.89,46.4,37.34,38.97,53.9,,64.06,84.32,50.62,43.75,87.18,37.95,13.92,67.49,21.95,1265.41,28.68,54.05,21.08,39.61,,31.21,,,35.85,68.33,25.68,,25.31,30.37,25.31,25.3,33.74,37.11
2026-02-01,1688.08,634.71,571.24,648.98,235.26,296.2,234.85,2835.07,476.46,331.75,286.13,252.48,224.27,149.26,12.69,126.94,126.93,72.98,21.99,96.29,59.87,68.97,81.48,95.21,50.78,46.0,65.0,87.76,56.7,38.08,65.16,57.4,71.93,78.7,24.12,42.31,44.66,46.78,55.86,47.97,69.4,57.07,56.84,50.04,58.39,56.26,20.75,33.85,66.01,54.16,33.85,28.05,7.42,42.31,30.42,12.91,34.88,51.62,92.07,22.49,84.63,139.42,112.98,268.86,296.2,232.72,47.27,253.04,258.63,203.11,42.31,50.78,60.31,122.71,48.24,152.97,56.7,205.11,98.17,143.52,175.77,240.74,346.56,509.47,503.76,211.56,51.93,187.25,57.68,575.46,102.6,43.16,25.39,58.99,39.78,143.45,49.08,24.59,116.15,58.6,51.4,122.7,451.79,369.42,403.32,863.66,111.08,49.58,44.43,197.97,123.23,367.34,495.39,328.17,846.29,73.63,42.31,38.28,266.58,67.7,878.07,118.06,286.89,1216.74,94.15,171.36,43.1,112.75,33.85,60.91,168.75,74.32,94.52,136.14,294.09,125.71,195.81,184.11,423.14,148.95,66.62,74.9,81.78,78.28,98.59,60.93,105.13,101.98,244.59,267.39,116.36,294.51,74.05,281.33,119.52,82.09,239.91,56.29,77.84,87.38,2551.14,1597.58,1380.3,510.9,676.96,976.62,1476.73,153.18,397.76,571.87,311.1,560.13,320.99,,,247.12,,156.56,122.56,417.22,117.42,143.87,220.04,20.73,131.17,121.87,148.1,205.22,42.31,177.3,84.21,279.28,42.31,59.23,42.69,21.6,69.03,,76.13,29.62,104.09,49.34,45.27,,42.37,60.89,,121.02,57.65,,160.79,,27.89,84.62,59.24,76.16,169.26,61.16,,53.96,,75.24,,88.87,48.8,37.46,39.1,53.98,,68.14,84.59,50.78,63.46,107.9,38.07,13.96,67.7,22.02,966.04,28.77,49.32,21.15,39.73,67.69,31.31,93.14,,35.97,183.05,26.12,,25.39,30.47,25.39,25.38,33.85,37.23
2026-03-01,1708.58,683.43,625.87,719.14,247.81,354.33,259.96,3258.42,497.43,370.26,271.95,401.6,240.48,153.35,17.3,133.44,147.06,75.68,38.5,90.84,63.64,108.57,134.47,157.74,51.91,51.42,86.5,117.87,50.95,38.93,56.42,60.1,97.98,99.24,23.49,38.06,44.77,53.7,58.39,79.04,131.33,72.34,80.56,73.53,123.04,70.15,17.3,37.2,67.91,49.7,34.6,28.65,7.77,94.4,33.47,12.98,51.47,73.53,105.47,25.17,98.73,147.36,118.52,291.11,328.74,253.91,47.58,268.61,270.35,220.6,45.85,51.91,60.56,138.42,47.58,158.96,55.32,174.72,69.87,159.03,168.7,249.54,382.62,519.06,596.92,216.27,57.1,194.53,64.02,515.15,108.53,46.2,33.74,74.4,38.93,169.83,56.89,26.04,125.4,65.97,58.78,145.48,470.48,378.12,419.8,1004.57,112.46,50.98,51.9,224.93,114.63,385.73,479.13,389.3,831.8,76.7,44.99,38.18,281.16,59.69,988.75,121.12,305.7,1318.01,96.46,171.34,38.83,112.46,34.6,54.84,187.12,75.83,103.81,151.38,324.41,142.74,205.46,179.51,464.98,152.26,45.85,76.99,84.78,90.27,108.14,65.92,111.56,103.65,288.76,244.04,140.13,300.62,64.88,284.19,119.82,85.65,244.69,61.61,86.51,94.63,3117.31,1784.71,1410.99,519.4,692.01,998.33,2403.68,155.72,406.6,566.9,314.66,455.54,322.18,,,318.36,259.52,160.04,266.45,426.5,120.03,147.07,224.93,138.41,198.97,156.37,151.39,198.43,43.26,181.24,84.89,285.49,43.25,60.55,43.64,22.07,129.77,,77.82,30.09,106.41,41.54,46.27,,52.77,62.24,,123.71,58.38,,164.37,,28.51,77.86,60.56,82.18,173.02,60.87,56.23,81.41,,76.91,,90.84,49.93,38.29,39.97,55.18,,68.76,65.29,51.91,45.5,95.34,38.92,14.27,69.21,22.51,776.0,60.96,43.9,21.62,40.62,69.2,32.01,95.21,,43.26,227.64,26.7,,44.05,31.14,25.95,25.94,34.6,35.95
2026-04-01,1832.12,876.04,669.09,786.59,280.17,398.05,311.1,3238.92,520.78,422.53,301.58,366.51,268.49,162.8,17.05,136.97,159.97,83.51,35.8,89.28,74.58,96.31,118.26,149.59,51.04,51.75,95.05,136.38,51.43,38.36,56.65,69.04,116.35,121.88,24.72,44.52,57.23,50.5,70.54,74.79,127.85,74.12,98.02,77.56,91.2,78.84,22.93,36.65,69.89,54.15,35.08,34.09,6.59,73.3,33.53,12.38,59.66,98.98,110.81,26.83,104.96,173.27,129.55,300.15,379.29,298.32,52.99,274.88,315.54,238.66,49.01,60.53,74.58,144.9,53.91,159.82,57.32,163.62,86.94,175.58,174.88,256.51,510.56,547.63,600.59,213.09,57.11,208.83,63.93,596.43,125.68,51.14,29.42,82.68,46.96,172.09,55.4,24.67,141.9,72.45,58.22,148.58,426.17,475.78,383.13,1093.99,111.24,61.85,50.29,225.87,153.42,402.15,426.17,461.56,1171.98,75.43,42.52,44.73,298.3,59.66,1005.77,137.65,306.85,1330.51,94.45,168.96,38.58,107.92,34.09,54.03,189.32,75.59,98.02,147.05,338.31,144.9,232.4,191.59,468.79,136.38,47.03,77.96,83.53,86.94,127.3,70.7,114.95,124.8,298.85,272.75,141.39,294.49,50.29,302.58,134.34,93.39,248.07,56.69,85.23,90.23,2991.72,1630.12,1867.07,681.88,616.84,983.61,2535.73,140.12,400.6,558.6,427.04,434.25,314.84,,313.66,313.66,208.83,157.68,262.52,703.19,118.26,289.74,221.61,151.29,160.67,157.68,140.22,173.7,42.62,178.57,146.5,180.22,42.61,59.66,42.99,21.74,196.47,,76.68,29.24,104.84,40.93,45.59,,66.34,38.36,65.63,121.89,57.01,,161.95,,44.32,65.94,84.94,80.97,937.58,59.97,39.21,72.5,80.12,75.77,42.19,89.5,47.68,37.72,39.38,54.36,115.07,68.7,46.88,51.99,45.67,91.32,38.35,26.03,52.08,22.18,752.62,60.06,43.26,21.3,40.02,68.18,31.54,85.26,,42.62,224.31,26.3,,42.79,30.68,29.82,25.56,34.09,35.17
2026-05-01,1967.93,1015.66,714.59,833.67,290.76,427.41,300.19,3816.7,543.33,465.29,309.47,364.52,278.75,183.25,18.44,159.49,166.68,102.24,35.02,116.52,80.19,98.63,111.93,150.09,70.54,54.32,111.59,139.26,58.32,42.03,63.42,79.75,123.29,149.02,27.03,50.84,59.87,68.61,78.76,78.05,114.64,81.15,103.0,86.63,97.95,76.03,25.46,41.64,72.17,63.67,45.03,47.17,6.6,70.07,36.84,13.08,64.33,100.01,120.08,26.72,117.07,180.71,149.02,341.6,446.0,430.28,75.17,295.9,334.5,240.15,52.32,79.54,85.46,163.36,57.89,174.97,59.61,177.33,95.61,176.68,163.44,275.75,542.85,583.23,621.12,228.78,59.28,224.72,61.28,643.26,128.65,53.91,29.42,85.76,47.69,171.54,54.87,25.73,146.15,72.9,74.64,149.09,411.57,491.53,386.39,964.89,153.19,71.19,49.75,251.9,135.69,525.33,317.34,575.91,1046.37,75.91,54.99,51.03,378.58,97.96,1114.13,146.48,365.8,1728.14,106.02,191.24,40.31,104.0,34.3,64.32,214.42,99.71,107.21,150.54,360.23,174.66,229.81,219.37,469.68,133.62,57.46,78.91,83.89,104.21,139.37,85.77,112.14,135.09,321.63,329.26,161.58,325.92,58.64,315.59,175.49,97.59,267.07,81.46,87.46,106.21,3002.85,1751.21,1482.94,686.15,765.29,1278.79,2360.03,704.85,403.11,562.1,429.72,451.61,445.76,,331.07,315.63,172.39,319.99,264.17,707.59,394.53,257.16,223.0,152.24,161.67,158.66,219.56,175.39,127.31,179.68,141.8,186.17,42.88,60.03,43.26,124.18,197.7,172.39,77.16,96.92,120.08,69.47,45.88,72.05,111.49,62.18,66.9,122.65,85.55,101.21,80.43,34.31,146.73,62.61,120.5,81.48,171.54,60.36,55.75,65.18,80.62,76.25,44.6,64.27,50.8,37.96,39.63,54.7,90.91,75.05,54.19,55.79,48.83,85.81,38.59,26.19,68.08,22.32,569.02,52.82,43.53,21.43,40.27,68.61,31.73,85.79,,60.03,341.26,26.47,97.8,42.67,30.88,55.87,25.72,30.61,35.16
2026-06-01,2027.69,1079.44,818.21,861.07,306.43,483.72,307.31,4224.38,577.4,485.91,319.56,376.47,282.35,188.44,17.17,165.69,201.85,113.82,44.65,117.63,84.05,104.23,116.82,147.61,77.05,47.86,109.88,131.55,62.72,42.9,58.42,81.69,116.51,138.97,30.64,55.4,69.38,73.46,91.12,78.8,122.57,99.56,111.41,91.93,103.92,74.42,28.89,42.9,83.17,63.78,49.47,47.84,6.73,74.42,38.3,17.5,64.56,116.01,115.53,27.98,119.95,193.49,135.27,359.23,438.63,481.54,75.29,315.19,332.7,266.35,60.81,100.68,94.12,167.92,60.11,185.05,55.85,177.0,120.8,205.75,157.59,303.6,656.64,560.33,671.52,254.45,72.67,237.31,65.62,700.41,131.33,70.04,26.83,87.55,51.59,175.47,59.39,26.99,153.39,79.24,79.7,151.03,391.19,700.41,409.45,963.07,134.77,78.65,51.66,271.41,168.06,516.56,277.98,787.97,1619.71,84.99,58.34,147.52,433.43,108.47,1192.91,178.83,382.6,2182.76,122.68,190.26,52.53,109.08,35.01,69.5,261.39,101.78,126.95,258.28,407.12,187.15,264.41,205.92,460.81,140.08,69.17,88.35,77.55,135.54,165.86,102.51,122.13,153.22,407.12,363.67,215.07,371.17,58.66,322.38,177.9,112.17,293.26,87.55,100.04,120.38,7096.08,1683.12,1716.5,700.41,1273.44,1468.61,2197.3,830.87,411.49,573.79,363.34,461.02,400.11,446.51,341.23,323.03,181.01,442.14,269.66,722.3,369.91,318.04,227.63,395.3,165.04,185.25,467.61,185.62,136.1,183.42,255.95,190.04,43.77,87.53,170.17,177.32,231.14,175.98,78.76,119.25,163.07,70.92,46.83,73.54,116.44,106.16,310.81,109.78,89.74,96.74,73.11,35.02,164.91,109.44,122.96,83.7,87.55,121.26,127.18,66.54,82.3,87.55,63.91,65.66,69.17,38.75,40.45,70.04,59.85,76.61,62.69,58.8,56.47,79.28,40.27,26.28,72.67,22.78,577.84,52.09,54.0,21.88,41.11,70.03,32.39,87.58,8.74,54.97,348.36,27.02,76.17,42.28,37.41,75.38,26.26,31.25,35.68
2026-07-01,1821.27,1054.82,824.78,810.64,288.19,457.49,277.53,4509.82,579.49,460.5,299.63,357.75,258.55,184.95,19.72,146.02,191.75,101.9,35.99,116.36,88.24,89.55,104.52,141.61,73.71,46.91,104.07,128.42,64.44,42.5,55.94,78.05,108.41,145.22,33.82,52.04,61.58,73.72,84.52,71.05,108.41,93.69,97.13,93.45,92.87,75.89,25.53,46.4,73.72,63.31,48.35,42.88,6.67,82.39,35.12,14.63,65.33,107.98,126.62,28.62,130.08,222.02,152.64,319.16,413.91,434.07,68.62,303.94,325.23,242.84,63.31,99.74,102.99,173.45,58.09,238.47,57.29,172.58,108.41,204.76,156.11,328.11,654.79,600.59,737.17,252.0,71.98,225.92,60.86,650.45,128.6,63.58,27.12,86.73,51.94,177.57,57.24,29.28,138.76,75.05,83.9,138.33,380.3,762.92,433.2,1180.94,134.02,72.37,46.36,317.37,235.94,679.07,275.36,828.37,1431.85,83.47,61.58,101.91,414.96,96.17,1170.38,176.62,380.68,2081.45,104.93,196.91,75.37,103.93,34.68,63.04,229.83,108.4,140.0,251.51,501.85,204.74,263.77,212.44,411.95,125.54,62.88,101.43,76.82,144.85,173.02,110.95,112.09,151.77,398.95,362.06,179.96,364.24,58.11,290.28,233.52,104.07,359.96,88.77,105.28,123.26,7029.24,1940.86,1654.37,693.82,1225.66,1457.21,2251.44,915.1,407.62,551.23,421.0,438.34,411.95,442.31,339.65,336.42,466.32,259.13,267.12,715.5,377.26,315.21,340.84,453.15,181.58,320.54,488.78,190.64,131.37,181.69,248.89,188.25,43.35,86.15,167.15,196.77,228.96,174.32,78.02,133.22,211.63,78.92,47.22,95.4,112.75,94.85,307.88,127.82,76.54,92.77,72.42,34.69,169.12,94.97,194.27,90.21,140.93,122.23,84.64,65.91,79.79,86.73,63.31,78.05,79.9,38.39,40.07,58.11,58.97,72.25,91.83,52.31,54.07,80.39,39.89,87.38,71.98,22.57,676.47,77.19,53.49,21.67,40.72,69.37,32.09,86.75,13.0,56.67,334.53,26.76,75.45,37.92,37.06,64.11,26.01,30.95,35.15
2026-08-01,1823.56,1039.76,780.45,804.83,251.35,421.78,261.45,4561.37,519.91,426.16,286.85,340.01,225.52,178.09,20.97,142.67,172.59,95.55,33.48,117.28,86.65,90.38,107.6,134.75,70.8,47.3,103.72,122.33,61.98,42.18,53.4,76.92,99.18,144.01,28.65,50.18,60.23,66.74,71.72,67.89,102.98,90.52,92.1,85.91,83.74,73.05,22.37,48.08,68.86,54.14,47.77,42.31,6.62,64.64,33.29,15.06,62.08,101.85,110.63,27.76,119.65,206.68,150.85,327.1,398.08,435.13,59.77,308.3,304.32,243.38,64.56,103.29,89.87,172.15,58.12,212.95,52.0,162.04,92.58,201.96,154.94,311.39,581.03,580.82,684.31,240.51,65.78,220.37,56.82,676.55,133.42,58.96,42.69,88.66,46.28,201.91,47.34,34.86,129.45,75.85,71.26,137.99,299.12,770.09,446.22,1205.09,128.29,66.0,47.26,301.27,183.78,682.67,279.75,931.46,1739.86,81.77,55.99,91.19,421.35,106.13,1173.56,157.09,381.11,2044.35,126.37,193.79,95.46,103.15,34.42,61.99,215.19,107.59,144.09,248.24,503.56,213.03,275.45,210.85,360.73,109.75,60.34,101.14,76.25,143.44,174.31,105.45,119.17,159.24,486.82,362.26,179.9,339.64,61.98,309.88,204.23,98.77,310.51,82.13,95.58,122.43,6976.6,1730.27,1492.59,688.62,1597.3,1090.15,2230.28,925.34,404.57,514.54,527.81,431.6,408.86,439.0,332.57,333.9,518.8,317.21,265.12,710.14,365.83,344.31,338.29,341.22,162.26,359.81,472.17,201.7,130.38,180.33,253.14,188.4,43.03,99.2,160.56,135.57,219.5,173.02,77.44,138.03,187.62,73.6,46.86,113.72,108.17,98.8,305.58,135.25,76.18,83.55,71.87,34.43,95.98,88.23,192.81,98.98,131.48,114.48,71.44,70.95,81.34,67.14,62.84,72.0,71.63,38.1,39.77,57.67,58.53,73.14,94.93,66.28,48.2,74.22,53.46,86.72,71.44,22.4,571.44,76.61,132.56,55.56,40.41,68.85,31.85,86.1,12.9,56.29,70.58,26.56,74.89,41.4,36.78,82.63,25.81,30.72,34.72
2026-09-01,1806.0,962.77,800.52,774.7,263.34,398.0,253.43,4454.53,529.39,430.39,284.06,333.91,219.5,177.79,25.57,148.05,172.15,92.27,39.12,119.36,77.47,89.31,102.85,132.65,76.39,44.76,97.95,118.57,62.41,42.18,52.51,77.47,97.68,140.31,26.25,49.58,55.61,67.02,78.12,66.12,98.57,91.63,88.65,84.37,89.94,76.16,29.32,45.96,67.34,54.23,46.9,40.19,6.62,68.82,31.38,14.52,60.53,95.55,112.98,25.89,118.36,188.84,154.94,309.88,394.85,408.2,57.67,313.04,313.68,232.18,62.6,95.76,85.65,151.26,57.59,236.71,47.34,167.85,108.44,202.52,166.86,341.15,586.62,589.63,627.46,223.8,67.2,206.84,58.01,746.62,134.38,58.53,52.51,99.15,49.16,184.47,58.47,34.86,132.84,74.6,72.31,128.9,344.31,654.8,538.65,1270.34,154.93,61.5,46.22,330.17,196.27,847.81,316.77,996.94,1955.26,81.77,58.1,87.58,454.76,106.52,1183.57,189.37,408.87,2200.12,123.52,197.98,97.16,103.19,45.41,62.09,210.89,95.69,134.83,237.57,522.92,215.19,306.0,215.19,408.87,117.94,66.31,95.33,65.42,163.08,180.37,107.6,125.15,165.8,473.43,420.92,205.83,364.19,62.87,286.49,211.34,154.94,325.85,90.38,101.18,138.02,6704.37,2301.96,1493.49,1017.4,1556.54,1111.26,1838.01,903.82,404.57,513.89,522.33,880.7,408.86,439.0,332.29,352.8,431.25,340.01,265.12,710.14,365.83,324.01,338.29,309.02,162.26,339.87,313.21,201.48,148.48,180.33,258.97,191.32,215.19,112.33,126.86,142.03,216.31,173.02,77.44,111.3,131.27,68.0,46.83,114.05,113.62,97.92,305.58,130.83,76.18,88.57,71.87,34.43,97.7,88.23,192.81,89.13,137.29,114.48,76.61,63.7,69.72,67.14,62.84,71.76,60.25,38.1,39.77,52.51,58.53,73.14,76.39,66.28,48.85,75.91,52.51,88.23,51.65,22.4,537.0,60.37,132.56,55.56,40.41,106.82,131.7,86.1,12.9,54.85,70.58,26.56,74.89,41.53,36.57,82.63,25.81,30.72,51.3
