,evolving_skies_bb,lost_origin_bb,fusion_strike_bb,brilliant_stars_bb,chilling_reign_bb,silver_tempest_bb,astral_radiance_bb,battle_styles_bb,vivid_voltage_bb,darkness_ablaze_bb,rebel_clash_bb,paldea_evolved_bb,twilight_masquerade_bb,team_up_bb,cosmic_eclipse_bb,unbroken_bonds_bb,unified_minds_bb,ultra_prism_bb,crimson_invasion_bb,crown_zenith_etb,celebrations_etb,shining_fates_etb,hidden_fates_etb,scarlet_violet_151_etb,scarlet_violet_151_bundle,umbreon_vmax_215,rayquaza_vmax_218,giratina_v_186,gengar_vmax_271,charizard_v_154,roaring_skies_bb,evolutions_bb,flashfire_bb,ancient_origins_bb,burning_shadows_bb,lost_thunder_bb,obsidian_flames_bb,paradox_rift_bb,temporal_forces_bb,jp_vstar_universe_bb,jp_vmax_climax_bb,jp_shiny_star_v_bb,jp_tag_all_stars_bb,jp_shiny_treasure_bb,op01_romance_dawn_bb,op02_paramount_war_bb,op03_pillars_strength_bb,op05_new_era_bb,op06_wings_captain_bb,magikarp_203,greninja_ex_214,latias_latios_170,charizard_gx_sv49,scarlet_violet_base_bb,stellar_crown_bb,surging_sparks_bb
2021-02-01,,,,,,,,,,,,,,,,,,,,,,,,,,,,,,,,,,,,,,,,0.0,0.0,0.0,0.0,0.0,,,,,,,,,164.88,0.0,0.0,0.0
2021-03-01,,,,,,,,,,,,,,,,,,,,,,,,,,,,,,,,,,,,,,,,0.0,0.0,0.0,0.0,0.0,,,,,,,,,492.59,0.0,0.0,0.0
2021-04-01,,,,,,,,,,,,,,,,,,,,,,,,,,,,,,,,,,,,,,,,0.0,0.0,0.0,0.0,0.0,,,,,,,,,502.27,0.0,0.0,0.0
2021-05-01,,,,,,,,100.6,173.85,,,,,,,,,,,,,51.53,,,,,,,,,,,3042.59,,,,,,,0.0,0.0,0.0,0.0,0.0,,,,,,,,,467.48,0.0,0.0,0.0
2021-06-01,,,,,105.41,,,100.6,166.85,173.72,154.58,,,99.38,9.03,321.54,295.92,326.35,149.94,,,59.31,,,,,,,,,318.68,585.25,3189.82,100.6,343.51,365.6,,,,0.0,0.0,0.0,0.0,0.0,,,,,,,,,370.7,0.0,0.0,0.0
2021-07-01,,,,,122.68,,,98.43,125.14,172.98,154.58,,,99.38,9.03,347.39,291.01,309.17,147.22,,,54.47,28.21,,,,,,,,336.65,726.3,3116.2,100.6,326.5,370.51,,,,0.0,0.0,0.0,0.0,0.0,,,,,,,,,349.44,0.0,0.0,0.0
2021-08-01,,,,,119.01,,,100.85,130.86,156.34,143.59,,,99.38,9.03,332.41,297.39,309.17,140.84,,,54.47,67.87,,,,,,,,365.09,701.76,3116.2,100.6,328.8,351.93,,,,0.0,0.0,0.0,0.0,0.0,,,,,,,,,349.44,0.0,0.0,0.0
2021-09-01,,,,,125.14,,,113.09,146.07,169.3,143.59,,,99.38,14.24,336.48,304.26,309.17,151.94,,,52.01,142.32,,,208.25,238.72,,,,383.76,684.09,2799.99,100.6,300.56,355.94,,,,0.0,0.0,0.0,0.0,0.0,,,,,,,,,325.91,0.0,0.0,0.0
2021-10-01,,,,,126.86,,,118.26,156.8,170.29,143.59,,,99.38,14.24,321.92,297.21,313.37,140.87,,,56.43,145.99,,,184.64,215.33,,,,358.24,656.07,2799.99,100.6,277.76,377.73,,,,0.0,0.0,0.0,0.0,0.0,,,,,,,,,310.18,0.0,0.0,0.0
2021-11-01,,,24.54,,104.28,,,91.76,125.23,159.99,143.59,,,667.34,448.36,322.09,275.67,313.37,140.87,,,53.84,211.14,,,178.27,174.48,,121.07,,348.92,611.56,2536.58,415.72,311.41,383.52,,,,0.0,0.0,0.0,0.0,0.0,,,,,,,,,324.77,0.0,0.0,0.0
2021-12-01,,,106.0,,97.17,,,93.74,106.99,118.76,132.7,,,667.41,446.58,294.96,294.45,311.62,148.2,,,55.07,133.58,,,170.0,160.56,,115.19,,364.95,626.89,2256.25,450.03,319.04,350.57,,,,0.0,0.0,0.0,0.0,0.0,,,,,,,,,292.78,0.0,0.0,0.0
2022-01-01,,,101.82,,93.23,,,93.49,122.68,122.68,132.6,,,609.99,456.83,326.87,300.83,294.72,141.09,,,51.04,134.42,,,191.25,185.24,,98.93,,387.68,693.76,2408.58,502.5,332.09,363.76,,,,0.0,0.0,0.0,0.0,0.0,,,,,,,,,292.78,0.0,0.0,0.0
2022-02-01,,,101.31,74.59,82.83,,,86.11,141.97,125.63,140.69,,,617.08,449.51,312.13,309.17,283.42,139.86,,,58.22,135.29,,,201.5,195.97,,99.88,240.83,368.55,679.67,2392.85,545.3,325.71,350.88,,,,0.0,0.0,0.0,0.0,0.0,,,,,,,,,342.78,0.0,0.0,0.0
2022-03-01,138.0,,101.79,124.16,85.14,,,86.37,126.61,124.16,141.49,,,618.31,446.58,326.87,314.08,288.87,139.86,,,45.15,142.08,,,300.58,188.96,,108.61,192.04,354.07,711.58,2318.56,571.54,335.2,353.93,,,,0.0,0.0,0.0,0.0,0.0,,,,,,,,252.0,319.11,0.0,0.0,0.0
2022-04-01,133.97,,98.13,137.9,86.86,,,87.49,125.61,125.39,227.17,,,648.76,447.55,329.85,310.15,320.1,148.86,,63.8,41.33,140.31,,,330.54,219.59,,99.16,195.97,387.68,777.83,2371.88,581.17,313.38,351.25,,,,0.0,0.0,0.0,0.0,0.0,,,,,,,,210.0,340.0,0.0,0.0,0.0
2022-05-01,166.85,,79.35,132.5,76.95,,,99.07,125.14,129.77,144.21,,,649.73,476.01,383.76,341.55,310.06,169.3,,23.27,38.89,141.53,,,283.34,216.28,,106.55,176.14,367.52,714.19,2371.88,618.33,335.97,349.41,,,,0.0,0.0,0.0,0.0,0.0,,,,,,,,221.94,334.34,0.0,0.0,0.0
2022-06-01,143.9,,63.71,93.93,76.65,,99.13,94.82,130.05,117.33,143.75,,,713.27,490.74,363.15,348.41,336.16,172.68,,77.34,35.33,141.04,,,292.17,178.62,,92.01,157.06,368.04,694.4,2372.05,662.56,348.42,321.06,,,,0.0,0.0,0.0,0.0,0.0,,,,,,,,221.94,311.23,0.0,0.0,0.0
2022-07-01,152.47,,66.28,129.31,81.46,,94.22,86.37,119.62,117.78,158.16,,,804.82,445.06,353.83,316.36,319.8,176.67,,74.85,38.76,139.58,,,264.81,181.57,,97.13,148.8,372.11,676.78,2371.88,620.4,348.42,327.12,,,,0.0,0.0,0.0,0.0,0.0,,,,,,,,234.03,311.67,0.0,0.0,0.0
2022-08-01,159.29,,90.16,134.17,84.41,,88.33,86.98,115.33,122.68,158.34,,,803.38,441.25,340.58,328.07,331.25,167.34,,79.49,31.9,138.88,,,292.82,191.53,,107.43,152.12,385.24,678.2,2320.14,627.32,348.42,330.77,,,,0.0,0.0,0.0,0.0,0.0,,,,,,,,233.17,272.04,0.0,0.0,0.0
2022-09-01,177.62,117.88,98.13,139.78,87.06,,93.46,95.9,127.15,123.67,159.14,,,819.94,482.89,361.79,328.31,348.42,176.67,,57.09,35.33,144.59,,,396.16,212.5,226.54,136.39,171.88,393.99,647.29,2317.35,655.05,338.04,333.31,,,,0.0,0.0,0.0,236.59,0.0,,,,,,,,232.88,326.96,0.0,0.0,0.0
2022-10-01,208.29,89.32,100.6,139.7,89.78,,91.67,97.82,132.91,130.05,158.16,,,845.35,485.83,342.45,333.7,350.88,176.76,,61.54,40.74,138.88,,,535.97,260.23,236.11,167.17,182.21,393.12,710.76,2288.24,655.02,338.81,321.06,,,,0.0,0.0,0.0,249.92,0.0,,,,,,,,276.26,311.67,0.0,0.0,0.0
2022-11-01,250.17,373.3,103.05,140.06,97.46,98.15,86.86,94.22,144.02,125.63,158.59,,,825.07,482.4,352.84,329.98,358.24,170.46,,53.0,35.33,135.84,,,395.21,223.72,235.07,146.52,169.77,387.68,765.55,2283.53,654.0,338.61,321.06,,,,0.0,0.0,0.0,287.11,0.0,,,,,,,,276.06,301.17,0.0,0.0,0.0
2022-12-01,281.3,123.12,108.35,163.95,108.2,101.19,96.17,107.95,144.49,135.83,133.36,,,853.89,471.95,377.87,323.89,365.6,173.39,,68.75,41.34,135.45,,,429.73,226.83,246.64,137.67,149.91,419.58,648.88,2283.53,652.94,382.77,333.7,,,,116.31,0.0,0.0,291.32,0.0,,,,,,,,235.33,283.34,0.0,0.0,0.0
2023-01-01,332.51,151.91,123.99,179.12,130.06,133.73,106.5,91.24,124.9,151.89,159.68,,,895.89,563.75,380.26,363.3,368.3,190.06,45.4,64.78,49.07,161.99,,,443.17,261.32,235.17,139.61,144.16,441.67,725.51,2306.31,664.14,353.33,382.77,,,,111.6,105.84,0.0,292.19,0.0,,,,,,,,259.72,323.65,0.0,0.0,0.0
2023-02-01,323.53,138.47,123.27,159.49,135.71,135.94,118.26,134.76,135.11,138.0,127.6,,,971.91,637.96,398.97,370.39,348.42,186.87,51.53,73.31,35.33,140.26,,,425.0,242.28,247.44,159.61,144.57,465.0,705.26,2306.23,663.94,324.4,380.36,,,,105.47,103.05,132.23,308.52,0.0,,,,,,,,259.72,291.91,0.0,0.0,0.0
2023-03-01,371.49,141.31,128.82,152.97,143.31,130.07,117.06,101.17,125.38,146.03,163.22,,,926.78,573.05,432.09,416.59,374.44,205.05,60.85,66.75,49.07,142.9,,,514.72,254.54,270.14,165.31,131.52,472.75,728.26,2127.67,839.17,348.42,390.46,,,,103.2,103.25,137.41,340.61,0.0,,,,,,,,247.92,293.72,132.5,0.0,0.0
2023-04-01,370.81,159.33,127.93,166.84,136.67,125.14,120.04,103.33,127.48,150.94,116.3,,,1058.24,508.27,448.85,427.35,403.63,198.47,43.68,69.54,43.18,147.33,,,518.91,246.81,279.19,185.34,127.9,538.19,724.04,2386.79,875.18,347.98,387.68,,,,90.64,96.67,124.44,366.18,0.0,,,,,,,,416.05,295.74,134.51,0.0,0.0
2023-05-01,387.32,147.7,117.45,153.46,138.89,131.76,119.49,110.29,122.68,143.53,166.91,,,1074.72,609.74,457.34,465.41,438.7,186.48,43.8,74.59,31.9,147.63,,,572.22,264.13,309.3,189.92,116.04,534.91,740.46,3042.59,863.7,353.8,446.58,,,,243.4,113.33,137.55,423.7,0.0,,,,,,,,901.6,352.95,136.53,0.0,0.0
2023-06-01,387.2,133.15,132.74,139.81,128.43,122.67,110.34,99.7,123.33,136.59,156.69,184.31,,1641.53,746.31,485.83,568.1,470.9,217.58,42.2,70.67,33.37,138.89,,,529.19,236.34,284.8,186.1,122.97,510.18,743.12,2669.11,839.17,360.73,450.67,,,,138.39,125.43,165.14,590.04,0.0,,,,,,61.39,,897.02,300.02,138.55,0.0,0.0
2023-07-01,393.58,139.79,128.94,131.76,139.73,130.66,128.82,104.65,123.67,135.48,191.27,102.78,,1608.23,775.58,486.4,596.17,514.53,228.2,55.01,70.17,40.24,149.83,,,545.8,201.05,265.39,174.73,117.11,591.34,707.19,2847.28,883.33,403.22,451.22,,,,113.2,187.67,159.25,541.93,0.0,,,,,,47.7,,898.43,280.31,140.57,0.0,0.0
2023-08-01,414.53,151.55,135.93,133.97,143.73,108.34,114.4,98.15,119.55,128.05,238.36,86.22,,1733.49,842.06,525.09,579.09,565.0,217.11,49.23,70.17,32.4,143.05,,,488.5,221.79,271.52,182.52,110.83,530.0,740.02,2847.28,838.77,396.32,489.88,95.63,,,120.18,168.29,156.12,539.26,0.0,,,,,,59.31,,857.28,298.96,142.58,0.0,0.0
2023-09-01,412.05,121.56,141.57,115.33,135.25,110.42,114.89,111.78,107.59,112.87,201.64,87.84,,1787.62,808.93,523.53,590.9,564.35,211.31,48.53,72.23,40.45,149.67,51.04,,461.6,191.25,266.8,168.82,106.25,553.82,714.51,2553.82,893.15,396.9,490.23,90.79,,,99.68,156.17,152.96,537.97,0.0,,,,,,56.33,,937.51,256.32,144.59,0.0,0.0
2023-10-01,418.42,128.74,132.51,120.29,147.15,105.49,114.48,97.9,100.7,136.55,268.5,98.92,,1679.3,811.14,518.14,556.61,560.75,232.77,49.86,66.28,34.35,146.86,45.64,35.33,418.44,204.23,236.47,167.87,95.44,556.69,730.14,2613.7,888.24,385.71,463.76,98.87,,,99.05,158.44,153.33,497.77,0.0,,,,,,47.71,,750.91,236.11,146.62,0.0,0.0
2023-11-01,421.55,135.15,137.21,132.08,146.47,101.33,103.05,101.37,107.38,121.66,269.97,98.09,,1771.29,932.41,532.33,587.03,601.22,190.34,34.72,66.74,42.69,152.33,44.66,34.47,430.39,199.28,227.85,169.77,94.83,535.65,681.41,2545.71,913.5,359.3,514.04,97.18,85.47,,102.67,150.15,143.63,523.25,0.0,,,,,,48.64,,703.31,239.32,148.63,0.0,0.0
2023-12-01,395.05,135.2,138.98,133.49,142.32,107.84,115.62,107.87,132.92,112.62,270.01,82.45,,1793.05,834.26,539.74,572.06,562.67,196.29,31.16,67.36,38.27,141.61,38.28,33.88,437.16,195.82,205.55,178.5,95.1,549.63,736.39,2491.38,885.94,356.59,534.61,88.33,86.86,,115.42,147.77,137.41,483.21,92.85,560.02,126.86,70.7,271.95,,51.0,,688.68,285.94,150.65,0.0,0.0
2024-01-01,444.49,133.49,142.53,154.1,166.68,128.8,127.59,108.98,131.51,136.02,181.03,95.7,,1717.59,899.45,540.22,570.27,595.62,197.76,38.92,79.37,40.34,138.27,49.95,40.24,477.72,194.87,236.11,177.16,91.6,593.34,784.07,2474.9,927.5,392.59,511.35,106.73,87.51,,113.56,146.27,126.19,499.63,63.39,560.02,129.39,69.99,277.4,,61.51,,548.86,296.02,152.66,0.0,0.0
2024-02-01,519.2,144.65,151.89,137.83,163.99,114.88,129.57,103.3,114.06,137.59,176.62,94.71,,1837.96,848.67,558.26,581.36,608.51,212.07,39.26,76.26,36.6,139.33,41.71,39.71,508.58,213.02,236.11,176.03,97.02,604.98,775.19,2542.61,904.69,422.83,566.08,105.06,81.78,,98.57,132.7,124.05,508.86,58.0,471.64,124.84,215.0,259.6,,56.84,,367.07,277.92,154.69,0.0,0.0
2024-03-01,655.14,173.51,218.66,155.51,173.64,118.26,131.28,104.93,126.42,146.7,176.62,92.4,,1886.37,834.26,573.04,675.68,594.64,200.03,37.05,78.5,33.91,143.1,48.56,38.75,554.7,221.42,238.36,202.11,99.16,593.8,724.83,2699.08,907.7,417.3,565.84,103.22,88.29,93.24,80.93,129.64,106.3,467.44,58.0,464.7,134.31,219.3,278.61,,62.8,,383.74,301.51,156.7,0.0,0.0
2024-04-01,646.3,230.04,232.09,152.13,205.03,129.55,157.05,105.51,117.84,136.55,198.75,94.48,,1917.02,833.82,597.77,677.79,598.71,196.03,43.17,67.97,36.23,135.48,45.77,44.16,674.8,272.47,315.57,284.32,115.58,587.58,740.78,2655.87,885.18,407.49,566.17,96.67,94.28,92.08,69.62,126.26,92.28,464.26,58.0,474.99,265.72,196.53,246.12,168.58,83.84,,501.74,283.32,158.71,0.0,0.0
2024-05-01,647.77,229.0,228.55,171.32,220.26,160.87,159.49,122.18,124.19,131.83,187.66,114.95,85.39,2056.9,829.35,615.13,667.41,589.12,196.3,46.94,61.06,34.35,145.99,51.21,36.4,812.23,401.39,396.67,340.94,162.89,577.11,737.09,2489.62,887.98,390.14,593.35,93.62,92.95,98.13,71.8,104.24,91.26,452.27,58.0,204.02,260.47,227.4,151.5,147.04,101.42,134.11,672.91,302.46,160.73,0.0,0.0
2024-06-01,649.29,237.51,227.56,177.16,204.63,134.95,154.74,121.88,123.97,126.48,186.49,127.58,97.68,2067.24,828.9,571.21,645.33,597.85,196.3,53.92,70.23,35.05,146.48,53.99,36.32,694.64,392.6,358.89,291.73,136.54,588.89,627.47,2542.61,915.42,401.17,562.38,92.19,92.26,95.99,71.46,91.72,88.55,418.62,58.0,216.27,233.13,223.52,189.03,122.52,145.94,211.46,725.82,265.79,162.75,0.0,0.0
2024-07-01,647.35,220.83,214.18,171.76,202.51,140.84,146.95,124.88,119.47,129.12,197.03,120.24,105.51,2333.45,928.76,622.92,639.79,631.35,189.27,45.58,63.8,36.32,149.67,54.46,59.18,708.33,347.09,319.61,272.0,128.65,613.81,667.41,2636.95,969.05,392.59,546.21,97.91,98.15,95.05,69.48,114.88,94.37,420.72,58.0,249.16,160.61,203.23,121.91,60.0,112.15,240.73,745.05,342.36,164.77,0.0,0.0
2024-08-01,654.12,218.01,206.9,173.36,211.14,147.17,142.59,115.66,128.79,137.44,179.12,131.77,123.1,2347.26,878.49,609.53,637.96,607.17,197.55,45.71,70.45,47.73,146.83,61.81,49.08,708.33,306.95,302.23,269.17,104.69,612.43,727.18,2815.24,1114.22,408.07,590.73,100.6,99.98,98.13,74.89,102.64,87.55,431.49,58.0,219.29,168.96,190.61,162.18,92.71,102.12,257.67,692.84,328.43,166.78,0.0,0.0
2024-09-01,702.58,243.88,203.39,176.78,203.52,157.04,156.5,122.93,146.07,147.22,208.67,131.89,121.45,2427.87,870.31,640.42,674.3,632.74,218.02,44.17,68.89,41.38,153.25,79.87,49.41,672.16,314.03,306.08,269.13,114.69,677.47,747.99,3137.4,1139.5,392.59,588.84,109.19,104.59,105.41,79.56,104.47,88.14,433.56,58.0,206.25,152.69,188.71,161.75,98.49,106.25,259.72,666.27,302.23,168.79,127.2,0.0
2024-10-01,778.32,233.24,214.35,176.63,210.28,142.21,155.15,123.91,126.25,130.05,212.0,137.4,147.05,2608.19,968.8,640.41,728.15,620.79,220.34,50.43,72.14,40.18,157.53,86.37,54.82,755.55,311.67,278.61,283.34,123.96,729.98,872.44,2895.37,1177.77,397.71,635.04,118.02,95.5,112.87,82.95,98.19,95.94,437.25,58.0,219.01,168.96,169.73,169.97,102.77,113.32,262.08,680.47,316.24,170.82,132.92,0.0
2024-11-01,883.36,238.14,244.56,176.67,216.45,150.9,157.03,120.24,133.03,138.54,216.42,143.24,147.22,2771.31,891.18,655.14,745.92,657.59,227.58,49.64,75.4,44.17,163.31,94.73,55.32,842.55,367.65,335.27,330.55,135.76,806.12,857.08,3238.89,1433.68,382.78,620.77,123.63,104.05,117.26,77.26,102.04,72.97,425.2,58.0,207.5,150.0,152.26,169.52,120.0,127.73,283.34,829.96,356.68,172.83,138.65,143.1
2024-12-01,932.41,264.97,329.4,188.69,249.0,175.2,176.97,127.92,136.94,146.78,220.83,145.96,136.93,2872.71,984.67,659.34,788.69,677.0,240.46,68.7,86.39,45.8,171.0,116.36,74.92,1070.94,420.28,416.36,381.17,160.92,823.94,845.85,3342.46,1380.35,415.66,626.05,122.68,119.29,129.55,87.17,103.16,93.26,429.62,58.0,250.0,142.5,137.73,170.0,121.75,168.8,301.63,790.24,356.25,174.85,144.38,147.68
2025-01-01,1205.26,370.99,277.37,254.17,304.43,227.61,224.52,147.22,159.65,171.76,235.52,198.76,163.04,2746.41,1147.04,711.58,802.67,693.38,240.46,97.66,98.13,59.33,196.8,154.03,70.0,1277.24,519.45,486.38,566.67,168.34,836.7,942.21,3316.92,1483.35,475.21,677.03,146.99,137.4,150.99,103.69,121.79,113.86,464.07,58.45,309.8,159.49,153.77,180.95,112.5,215.33,318.75,760.01,377.77,176.86,150.11,152.26
2025-02-01,1177.29,350.87,420.98,263.04,299.05,229.91,230.21,152.35,171.34,174.2,241.11,195.74,177.87,3154.15,1355.05,921.0,893.47,816.3,275.21,107.1,105.45,63.3,230.53,176.61,63.79,1315.7,549.3,510.95,535.81,170.85,1128.37,1042.83,3179.46,1489.55,506.63,687.04,186.49,159.49,157.89,112.36,125.68,101.15,452.38,62.22,380.0,158.5,149.6,172.43,108.84,199.45,298.0,760.75,418.93,178.88,155.83,156.83
2025-03-01,1235.91,370.75,398.15,259.4,307.19,260.09,242.03,178.48,180.95,193.35,247.35,226.5,204.15,4218.49,1451.75,1115.66,1144.54,931.04,319.56,124.93,128.82,73.12,270.4,265.32,70.03,1309.23,579.48,547.78,500.18,162.91,1202.84,1128.32,3680.55,1842.96,625.26,817.85,185.79,176.17,177.89,114.56,124.43,86.06,463.49,64.3,384.94,169.77,166.87,179.91,116.13,204.24,322.61,1075.77,367.17,180.9,161.55,161.41
2025-04-01,1302.31,383.91,466.2,270.4,323.86,264.97,267.47,181.58,195.76,175.95,245.37,229.86,209.05,4232.84,1813.07,1484.49,1472.22,920.14,402.79,132.45,119.98,70.33,278.24,193.68,60.85,1156.95,502.81,495.83,480.4,169.99,1233.45,1084.69,3717.36,2147.86,650.94,971.68,199.23,176.67,176.67,123.85,139.89,112.52,490.91,71.76,442.3,197.43,187.48,225.01,130.04,172.33,293.06,1284.9,424.95,182.91,167.28,165.99
2025-05-01,1758.37,511.92,756.87,416.2,422.04,343.51,374.86,205.3,196.3,224.55,256.46,284.63,220.83,5465.81,2107.42,1530.97,1654.62,1225.12,394.72,151.89,128.06,78.51,294.45,214.45,61.62,1133.33,536.26,481.66,510.01,169.14,1613.98,1042.87,3901.38,2647.55,709.12,888.24,218.37,191.28,193.9,124.11,135.04,111.23,519.47,76.84,437.5,209.64,191.0,263.6,149.49,182.75,278.61,1664.58,450.68,184.93,173.01,170.56
2025-06-01,1701.26,490.73,667.81,377.87,405.83,321.02,349.88,181.08,185.7,203.9,285.41,337.09,236.54,6257.43,2460.29,1513.93,1870.0,1177.77,419.5,160.86,147.22,88.22,352.74,226.72,69.48,1167.07,532.96,512.36,488.75,161.21,2203.08,1236.52,3925.91,3518.26,735.62,1232.76,218.84,184.92,195.71,116.93,129.43,106.16,572.06,72.59,450.0,197.73,218.53,230.0,140.0,188.38,264.45,2005.17,395.13,186.94,178.74,175.14
2025-07-01,2129.38,534.9,763.31,379.37,417.13,368.82,331.25,201.45,216.42,222.92,315.86,350.88,253.67,8042.95,3070.66,1874.63,1890.33,1465.21,503.33,171.76,211.01,83.76,382.78,250.28,73.91,968.05,542.56,468.76,555.85,176.14,2510.81,1675.92,4941.85,4459.36,821.25,1177.78,225.73,212.84,205.5,128.73,137.41,106.3,619.63,71.13,484.93,191.26,216.08,217.78,146.65,220.5,252.16,1688.19,469.86,188.97,184.46,179.72
2025-08-01,2429.17,796.36,889.26,521.42,498.93,409.93,367.06,236.78,220.1,251.15,314.25,347.74,269.7,9067.42,3753.21,2102.02,2452.62,1452.13,583.55,175.68,219.48,82.45,377.87,314.08,72.63,1155.49,598.46,472.22,558.04,183.87,3498.17,1717.78,6423.26,6117.61,1009.28,1241.07,257.88,223.88,218.59,127.14,134.8,105.1,695.77,79.06,548.24,224.7,224.67,236.87,150.0,204.65,253.01,1888.42,493.0,190.98,190.19,184.29
2025-09-01,2414.46,834.78,996.38,530.0,527.55,534.91,371.5,272.44,241.25,272.0,314.76,422.51,304.2,8647.0,4489.79,2160.45,2753.89,1470.27,563.37,205.62,233.1,85.88,398.07,381.3,88.33,1502.34,616.61,548.55,682.92,316.39,3987.41,1737.6,6370.31,7474.82,1093.47,1234.77,323.89,249.3,245.37,134.77,134.3,108.89,754.19,83.43,592.5,214.38,249.7,269.25,159.3,250.16,311.67,1834.58,483.42,192.99,195.91,188.87
2025-10-01,2331.75,730.71,908.42,483.86,490.74,456.39,367.79,245.37,235.14,280.03,353.33,394.38,280.7,7921.35,4120.93,2134.97,2995.13,1472.22,543.18,205.38,214.93,83.42,385.13,372.96,84.41,1652.31,618.96,606.33,689.96,289.53,3520.24,1675.67,8413.22,5993.54,1085.47,1259.61,318.0,240.72,254.4,135.4,129.36,108.89,696.02,89.66,603.69,236.26,302.86,390.0,158.23,253.6,296.09,1415.72,472.22,195.01,201.64,193.45
2025-11-01,2085.65,628.96,795.0,441.67,422.04,413.2,343.51,212.86,238.03,274.82,389.47,336.65,246.43,8705.55,3451.13,2066.17,2480.39,1495.19,556.89,175.3,224.76,86.37,343.74,344.5,88.01,1356.27,613.89,467.5,680.0,219.42,3163.97,1543.33,7732.6,5707.59,1104.17,1246.79,279.72,224.57,244.92,126.09,135.73,106.59,687.37,88.14,1314.1,267.47,329.99,509.99,175.76,206.6,286.88,1513.31,443.41,197.03,207.37,198.03
2025-12-01,2170.05,648.76,887.51,490.73,460.94,426.95,356.8,220.59,229.38,265.0,377.87,382.78,269.19,8060.42,3328.39,2097.92,2105.82,1432.0,498.14,198.95,228.2,86.09,358.85,330.26,90.56,1534.72,574.22,519.45,640.86,210.14,3213.67,1610.61,7725.11,5741.17,956.59,1423.15,273.66,225.84,233.53,134.81,134.81,102.67,674.06,95.41,1529.17,400.0,403.98,776.0,264.0,222.02,267.29,1723.61,456.85,199.05,213.09,202.61
2026-01-01,2551.85,704.33,968.13,530.99,517.6,452.46,369.36,243.9,264.01,294.45,371.52,400.45,291.1,8477.55,3510.84,2144.71,2385.14,1459.95,500.7,237.03,245.44,98.98,406.55,380.89,109.58,1524.33,595.3,513.23,722.44,232.34,3234.67,1693.05,6839.95,5617.05,1007.0,1546.82,289.54,240.45,245.58,150.89,141.43,114.06,701.76,98.52,1860.83,605.47,634.36,1069.51,276.25,245.55,264.45,1986.16,410.35,201.06,218.82,207.18
2026-02-01,2475.16,701.76,951.24,593.29,492.0,461.29,372.96,247.61,252.64,297.51,388.13,417.13,290.77,9360.88,3718.34,2190.82,2532.23,1459.95,571.58,252.13,275.28,103.05,441.67,437.17,134.07,1605.55,549.94,531.46,671.98,223.73,3346.43,1827.01,8111.98,5624.31,995.27,1546.82,308.47,262.05,256.64,152.7,147.76,114.07,757.04,106.81,1679.16,497.5,637.24,987.0,242.69,263.6,259.72,1770.44,481.66,203.07,224.55,211.76
2026-03-01,2551.85,694.4,933.39,571.73,451.54,441.67,354.92,252.65,284.63,287.47,421.24,441.67,316.53,10172.81,3602.41,2310.41,2650.0,1453.82,564.35,269.69,312.8,109.1,415.15,568.18,175.91,1657.82,637.59,613.61,713.05,238.47,3901.14,2073.38,8345.4,5937.42,1054.84,1463.18,338.61,255.47,267.58,172.14,152.96,119.26,852.49,105.24,1576.38,487.0,554.77,938.73,305.0,275.61,289.0,1737.37,523.2,205.1,230.27,216.34
2026-04-01,2453.7,711.58,988.09,575.17,469.13,440.54,354.88,252.73,254.88,295.93,434.68,436.06,302.86,10147.99,3618.1,2406.4,2674.54,1427.84,568.26,274.82,323.89,117.5,470.97,598.7,170.13,1666.95,706.44,627.59,757.83,264.12,3829.62,2182.52,7978.43,5676.16,1018.06,1473.2,339.53,263.04,260.09,184.03,186.66,125.99,977.1,121.59,1594.26,512.97,507.01,984.23,301.54,321.11,316.39,1614.6,529.87,207.11,236.0,220.91
2026-05-01,2502.78,768.38,1012.95,588.89,453.93,462.52,382.74,263.04,286.85,309.83,464.91,450.58,333.7,9790.27,3729.63,2355.55,2563.89,1484.41,637.96,309.66,352.04,140.58,494.74,598.7,159.06,1876.1,962.67,692.82,850.95,294.69,3861.45,2155.55,7979.11,5698.54,1038.41,1520.8,363.12,263.61,309.26,215.19,197.04,140.21,1086.42,132.98,1699.38,590.0,546.38,1000.0,375.14,344.77,325.83,1725.77,552.15,209.13,241.72,225.49
2026-06-01,2457.63,736.11,979.03,588.89,453.42,499.57,399.11,244.16,294.44,315.56,465.08,480.92,333.7,11276.98,3913.66,2385.84,2944.45,1477.26,629.39,309.17,381.43,140.44,507.6,535.47,177.02,1930.72,979.29,743.96,771.34,281.44,3842.01,2183.8,8278.73,6397.55,1039.17,1472.32,372.96,274.82,317.97,194.96,212.59,139.15,1218.52,110.81,1686.77,575.06,548.16,1050.0,375.0,356.84,340.32,1856.75,551.69,211.14,247.45,230.07
2026-07-01,2331.01,711.58,890.93,568.47,426.45,485.83,386.38,280.2,309.17,336.01,445.1,477.0,344.09,11845.7,3841.51,2385.76,2896.92,1485.4,628.38,314.05,377.87,135.05,502.25,518.93,157.36,2101.39,968.64,701.84,817.51,280.57,4132.89,2289.8,8200.97,6472.15,1124.19,1501.24,368.05,286.85,299.35,195.61,211.56,140.52,1140.26,104.37,1524.55,556.75,546.49,1111.49,339.56,363.61,305.3,2054.48,582.25,213.17,253.18,234.64
2026-08-01,2279.98,712.55,895.52,557.96,434.82,466.99,382.78,254.47,299.35,319.47,444.6,457.28,340.57,12173.32,4293.85,2478.79,2870.83,1508.54,621.41,305.15,328.8,127.12,494.67,541.77,171.76,1979.32,1011.92,661.11,758.85,274.84,4229.2,2355.55,9809.91,6020.07,1109.04,1582.64,341.83,268.39,306.47,191.64,192.37,148.81,1058.36,107.52,1368.5,547.5,515.98,1003.07,376.89,321.27,293.49,2403.09,606.36,215.18,258.91,239.22
2026-09-01,2355.55,728.65,879.27,556.26,451.46,524.11,375.94,261.53,304.23,341.55,417.99,465.21,346.38,12280.79,4512.43,2454.25,3136.34,1386.84,624.27,308.95,357.28,141.93,500.55,508.9,174.48,2030.55,1038.89,709.3,865.51,252.64,4380.77,2472.04,10402.15,6502.32,1101.71,1610.61,358.22,274.31,308.28,198.98,204.48,149.86,1127.88,109.38,1353.25,530.57,498.87,1086.52,394.48,336.99,313.03,3022.18,607.85,217.19,264.63,243.8
